GeneID	tau	highest	order
CM009931.2	0.91820889916124	ventriculus	ventriculus|malpighian tubules|male gonad|oocyte|testis|midgut|ovaries|head|gut|2nd thoracic ganglia|pylori|hemolymph|abdominal integument|nasonov gland|thoracic muscle|mushroom body|germline|unknown|thorax and abdomen|flight muscle and thoracic exoskeleton|antennal lobes|wings and thoracic dorsum|egg|brain|mandibular glands|royal jelly|antennae|fat body|eviscerated abdomen and fat body|pupae|rectum|hindgut|eviscerated abdomen with attached fat bodies and ovaries|antennal lobes and subaesophageal ganglion|larvae|hypopharyngeal glands|optic lobes|venom gland|thorax|head and thorax|wing disc|abdomen|eviscerated abdomen with attached fat bodies and inactive ovaries|embryo|semen|whole adult body|spermetheca
CM009932.2	0.845389740065575	ventriculus	ventriculus|malpighian tubules|male gonad|head|2nd thoracic ganglia|ovaries|testis|oocyte|mushroom body|abdominal integument|antennal lobes|midgut|unknown|wings and thoracic dorsum|nasonov gland|brain|pylori|germline|mandibular glands|hemolymph|antennae|gut|thoracic muscle|antennal lobes and subaesophageal ganglion|egg|fat body|eviscerated abdomen and fat body|rectum|flight muscle and thoracic exoskeleton|thorax and abdomen|royal jelly|hindgut|eviscerated abdomen with attached fat bodies and ovaries|pupae|venom gland|optic lobes|larvae|head and thorax|thorax|eviscerated abdomen with attached fat bodies and inactive ovaries|wing disc|hypopharyngeal glands|embryo|abdomen|semen|spermetheca|whole adult body
QIUM02000220.1	0.999241950090812	ovaries	ovaries|semen|spermetheca|germline|hindgut|pupae|antennae|thorax|midgut|thorax and abdomen|larvae|embryo|optic lobes|mushroom body|whole adult body|brain
CM009933.2	0.832345108061074	malpighian tubules	malpighian tubules|ventriculus|male gonad|head|testis|ovaries|2nd thoracic ganglia|oocyte|mushroom body|hemolymph|unknown|pylori|thoracic muscle|germline|antennal lobes|egg|wings and thoracic dorsum|abdominal integument|brain|midgut|nasonov gland|antennae|mandibular glands|gut|antennal lobes and subaesophageal ganglion|pupae|eviscerated abdomen and fat body|fat body|rectum|thorax and abdomen|hindgut|larvae|royal jelly|flight muscle and thoracic exoskeleton|eviscerated abdomen with attached fat bodies and ovaries|optic lobes|thorax|venom gland|hypopharyngeal glands|wing disc|semen|head and thorax|eviscerated abdomen with attached fat bodies and inactive ovaries|spermetheca|abdomen|embryo|whole adult body
CM009934.2	0.818579504673633	venom gland	venom gland|ventriculus|malpighian tubules|oocyte|wings and thoracic dorsum|male gonad|abdominal integument|ovaries|unknown|testis|head|eviscerated abdomen and fat body|thorax and abdomen|nasonov gland|2nd thoracic ganglia|pylori|fat body|midgut|mushroom body|hemolymph|gut|head and thorax|eviscerated abdomen with attached fat bodies and ovaries|royal jelly|antennae|germline|mandibular glands|brain|antennal lobes|thoracic muscle|rectum|egg|pupae|flight muscle and thoracic exoskeleton|larvae|eviscerated abdomen with attached fat bodies and inactive ovaries|antennal lobes and subaesophageal ganglion|hindgut|thorax|optic lobes|wing disc|hypopharyngeal glands|abdomen|embryo|whole adult body|spermetheca|semen
CM009935.2	0.750570867100201	ovaries	ovaries|male gonad|malpighian tubules|ventriculus|pylori|oocyte|germline|head|thorax and abdomen|testis|abdominal integument|mandibular glands|2nd thoracic ganglia|hindgut|hemolymph|egg|mushroom body|unknown|antennae|nasonov gland|midgut|thoracic muscle|wings and thoracic dorsum|eviscerated abdomen and fat body|hypopharyngeal glands|antennal lobes|brain|gut|fat body|flight muscle and thoracic exoskeleton|royal jelly|eviscerated abdomen with attached fat bodies and ovaries|pupae|antennal lobes and subaesophageal ganglion|rectum|larvae|optic lobes|venom gland|head and thorax|wing disc|thorax|semen|eviscerated abdomen with attached fat bodies and inactive ovaries|abdomen|embryo|spermetheca|whole adult body
QIUM02000120.1	0.960843098332085	midgut	midgut|spermetheca|ovaries|semen|larvae|germline|malpighian tubules|ventriculus|hindgut|whole adult body|egg|gut|antennae|head|testis|thorax and abdomen|eviscerated abdomen with attached fat bodies and ovaries|abdomen|eviscerated abdomen and fat body|embryo|rectum|abdominal integument|thorax|pylori|optic lobes|brain|mushroom body
CM009936.2	0.858578846436836	oocyte	oocyte|ventriculus|malpighian tubules|head|hypopharyngeal glands|male gonad|ovaries|testis|mandibular glands|midgut|abdominal integument|pylori|2nd thoracic ganglia|gut|germline|hemolymph|nasonov gland|wings and thoracic dorsum|thoracic muscle|unknown|mushroom body|fat body|royal jelly|antennal lobes|egg|thorax and abdomen|brain|antennae|eviscerated abdomen and fat body|flight muscle and thoracic exoskeleton|hindgut|pupae|larvae|rectum|eviscerated abdomen with attached fat bodies and ovaries|antennal lobes and subaesophageal ganglion|wing disc|venom gland|head and thorax|optic lobes|thorax|eviscerated abdomen with attached fat bodies and inactive ovaries|abdomen|semen|spermetheca|whole adult body|embryo
QIUM02000122.1	0.977776268124652	larvae	larvae|spermetheca|hindgut|semen|ovaries|malpighian tubules|thoracic muscle|germline|whole adult body|ventriculus|head|antennae|thorax and abdomen|flight muscle and thoracic exoskeleton|testis|eviscerated abdomen and fat body|abdomen|pylori|brain|gut|midgut|mushroom body
CM009937.2	0.874284490610771	ventriculus	ventriculus|malpighian tubules|male gonad|head|oocyte|testis|midgut|2nd thoracic ganglia|pylori|ovaries|thoracic muscle|mushroom body|gut|hemolymph|antennal lobes|mandibular glands|flight muscle and thoracic exoskeleton|germline|unknown|antennae|brain|nasonov gland|abdominal integument|thorax and abdomen|eviscerated abdomen and fat body|wings and thoracic dorsum|fat body|rectum|antennal lobes and subaesophageal ganglion|eviscerated abdomen with attached fat bodies and ovaries|hindgut|egg|royal jelly|head and thorax|optic lobes|pupae|larvae|venom gland|eviscerated abdomen with attached fat bodies and inactive ovaries|abdomen|wing disc|hypopharyngeal glands|thorax|semen|spermetheca|whole adult body|embryo
QIUM02000108.1	0.975059727756647	larvae	larvae|semen|spermetheca|hindgut|ovaries|eviscerated abdomen and fat body|antennae|embryo|head|mushroom body
QIUM02000128.1	0.964693680223261	larvae	larvae|spermetheca|ovaries|semen|hindgut|ventriculus|germline|head|thorax and abdomen|whole adult body|antennae|testis|rectum|malpighian tubules|male gonad|fat body|hypopharyngeal glands|thorax|mushroom body|hemolymph|antennal lobes and subaesophageal ganglion|eviscerated abdomen with attached fat bodies and ovaries|abdominal integument|nasonov gland|flight muscle and thoracic exoskeleton|optic lobes|mandibular glands|embryo|antennal lobes|midgut|unknown|pylori|brain|gut
QIUM02000172.1	0.962125925122785	spermetheca	spermetheca|mushroom body|semen|brain|head|larvae|hindgut|antennae|malpighian tubules|antennal lobes|pupae|2nd thoracic ganglia|antennal lobes and subaesophageal ganglion|male gonad|mandibular glands|unknown|ovaries|ventriculus|optic lobes|hypopharyngeal glands|germline|thorax and abdomen|thorax|embryo|whole adult body|midgut
CM009938.2	0.867838640597795	ventriculus	ventriculus|malpighian tubules|oocyte|male gonad|testis|head|midgut|ovaries|nasonov gland|abdominal integument|hemolymph|mandibular glands|2nd thoracic ganglia|pylori|gut|unknown|germline|thoracic muscle|fat body|mushroom body|wings and thoracic dorsum|antennal lobes|egg|thorax and abdomen|flight muscle and thoracic exoskeleton|royal jelly|eviscerated abdomen and fat body|brain|antennae|eviscerated abdomen with attached fat bodies and ovaries|wing disc|head and thorax|larvae|rectum|pupae|hindgut|antennal lobes and subaesophageal ganglion|hypopharyngeal glands|venom gland|optic lobes|thorax|eviscerated abdomen with attached fat bodies and inactive ovaries|spermetheca|abdomen|whole adult body|semen|embryo
QIUM02000090.1	0.833782241337942	malpighian tubules	malpighian tubules|ventriculus|optic lobes|testis|antennal lobes and subaesophageal ganglion|2nd thoracic ganglia|mushroom body|midgut|ovaries|hemolymph|antennal lobes|brain|unknown|male gonad|pylori|nasonov gland|fat body|egg|germline|gut|abdominal integument|mandibular glands|wings and thoracic dorsum|thorax and abdomen|pupae|hindgut|rectum|larvae|head|thoracic muscle|venom gland|hypopharyngeal glands|royal jelly|eviscerated abdomen with attached fat bodies and ovaries|antennae|eviscerated abdomen and fat body|thorax|oocyte|flight muscle and thoracic exoskeleton|semen|spermetheca|wing disc|eviscerated abdomen with attached fat bodies and inactive ovaries|whole adult body|head and thorax|abdomen|embryo
QIUM02000150.1	0.959138577232593	ovaries	ovaries|larvae|spermetheca|germline|semen|egg|eviscerated abdomen with attached fat bodies and ovaries|oocyte|malpighian tubules|pupae|hindgut|ventriculus|testis|male gonad|head|thoracic muscle|brain|mushroom body|unknown|2nd thoracic ganglia|hemolymph|antennae|thorax|midgut|wings and thoracic dorsum|whole adult body|gut|flight muscle and thoracic exoskeleton|mandibular glands|antennal lobes and subaesophageal ganglion|hypopharyngeal glands|embryo|optic lobes|eviscerated abdomen with attached fat bodies and inactive ovaries|fat body|eviscerated abdomen and fat body|antennal lobes|venom gland|rectum|abdomen|thorax and abdomen|pylori
QIUM02000179.1	0.976892793123864	larvae	larvae|hindgut|spermetheca|semen|ovaries|germline|whole adult body|malpighian tubules|pupae|ventriculus|head|egg|abdominal integument|thorax and abdomen|gut|embryo|fat body|midgut|antennae|brain|unknown
CM009939.2	0.818332600202624	malpighian tubules	malpighian tubules|ventriculus|male gonad|oocyte|wings and thoracic dorsum|head|testis|2nd thoracic ganglia|unknown|abdominal integument|ovaries|pylori|mushroom body|thoracic muscle|nasonov gland|hemolymph|midgut|antennal lobes|antennae|germline|brain|mandibular glands|egg|gut|fat body|pupae|eviscerated abdomen and fat body|thorax and abdomen|eviscerated abdomen with attached fat bodies and ovaries|royal jelly|antennal lobes and subaesophageal ganglion|rectum|larvae|flight muscle and thoracic exoskeleton|hindgut|optic lobes|spermetheca|semen|venom gland|wing disc|thorax|head and thorax|hypopharyngeal glands|eviscerated abdomen with attached fat bodies and inactive ovaries|abdomen|whole adult body|embryo
QIUM02000088.1	0.8713811135719	larvae	larvae|mushroom body|ventriculus|pupae|spermetheca|2nd thoracic ganglia|antennal lobes|midgut|pylori|malpighian tubules|egg|thoracic muscle|gut|semen|hindgut|fat body|testis|ovaries|brain|antennal lobes and subaesophageal ganglion|head|optic lobes|hemolymph|thorax|nasonov gland|unknown|rectum|eviscerated abdomen and fat body|mandibular glands|wings and thoracic dorsum|oocyte|germline|venom gland|abdominal integument|eviscerated abdomen with attached fat bodies and ovaries|antennae|thorax and abdomen|hypopharyngeal glands|whole adult body|male gonad|royal jelly|wing disc|flight muscle and thoracic exoskeleton|eviscerated abdomen with attached fat bodies and inactive ovaries|head and thorax|embryo|abdomen
QIUM02000089.1	0.967431677191247	larvae	larvae|spermetheca|semen|pupae|thorax|malpighian tubules|hindgut|whole adult body|egg|antennal lobes and subaesophageal ganglion|unknown|2nd thoracic ganglia|antennal lobes|head|venom gland|wings and thoracic dorsum|eviscerated abdomen and fat body|mandibular glands|embryo|wing disc|optic lobes|antennae|ovaries|eviscerated abdomen with attached fat bodies and inactive ovaries|mushroom body|pylori|brain|midgut|ventriculus
QIUM02000092.1	0.955493367741432	spermetheca	spermetheca|larvae|semen|egg|hindgut|antennal lobes|ovaries|brain|mushroom body|2nd thoracic ganglia|malpighian tubules|head|thorax|male gonad|antennae|ventriculus|eviscerated abdomen and fat body|midgut|eviscerated abdomen with attached fat bodies and ovaries|unknown|optic lobes|testis|antennal lobes and subaesophageal ganglion|oocyte|thoracic muscle|pupae|embryo|gut|whole adult body|nasonov gland|hypopharyngeal glands|hemolymph|pylori|wing disc|royal jelly|thorax and abdomen|mandibular glands|venom gland|rectum|germline|flight muscle and thoracic exoskeleton|fat body|wings and thoracic dorsum
QIUM02000099.1	0.963689326669355	semen	semen|spermetheca|larvae|thorax|egg|hindgut|ovaries|germline|antennae
QIUM02000102.1	0.922988118043819	larvae	larvae|spermetheca|pupae|semen|mushroom body|male gonad|unknown|hindgut|pylori|egg|brain|hemolymph|antennae|eviscerated abdomen and fat body|2nd thoracic ganglia|head|eviscerated abdomen with attached fat bodies and inactive ovaries|antennal lobes and subaesophageal ganglion|ventriculus|ovaries|midgut|whole adult body|optic lobes|oocyte|flight muscle and thoracic exoskeleton|thorax and abdomen|royal jelly|eviscerated abdomen with attached fat bodies and ovaries|wings and thoracic dorsum|abdominal integument|malpighian tubules|mandibular glands|nasonov gland|venom gland|thorax|antennal lobes|thoracic muscle|testis|fat body|wing disc|embryo|abdomen|gut
QIUM02000111.1	0.977278969498436	larvae	larvae|spermetheca|semen|ovaries|ventriculus|malpighian tubules|whole adult body|hindgut|head|hypopharyngeal glands|antennae|germline|venom gland|pylori|oocyte|egg|testis|antennal lobes|pupae|wings and thoracic dorsum|thorax|mandibular glands|rectum|unknown|thoracic muscle|hemolymph|flight muscle and thoracic exoskeleton|midgut|antennal lobes and subaesophageal ganglion|embryo|mushroom body|brain|thorax and abdomen|eviscerated abdomen with attached fat bodies and inactive ovaries|optic lobes|fat body
QIUM02000114.1	0.973019869234535	larvae	larvae|spermetheca|semen|whole adult body|hindgut|ventriculus|germline|ovaries|egg|thorax|embryo|thorax and abdomen|antennae|abdominal integument|fat body|head|wings and thoracic dorsum|brain|mandibular glands|mushroom body|unknown
QIUM02000137.1	0.984771713236519	larvae	larvae|spermetheca|semen|hindgut|eviscerated abdomen and fat body|egg|antennae|ventriculus|head|malpighian tubules|ovaries|mushroom body|pupae|antennal lobes and subaesophageal ganglion|venom gland|male gonad|optic lobes|whole adult body|thorax|testis|abdominal integument|pylori|hypopharyngeal glands|rectum|royal jelly|thorax and abdomen|mandibular glands|antennal lobes|embryo|unknown|hemolymph|midgut|fat body|eviscerated abdomen with attached fat bodies and inactive ovaries|brain|flight muscle and thoracic exoskeleton|nasonov gland|gut
QIUM02000144.1	0.819000645710934	egg	egg|larvae|2nd thoracic ganglia|mushroom body|testis|pupae|spermetheca|antennal lobes|brain|fat body|pylori|oocyte|eviscerated abdomen with attached fat bodies and ovaries|semen|antennae|rectum|midgut|gut|optic lobes|antennal lobes and subaesophageal ganglion|malpighian tubules|ovaries|hindgut|thorax|nasonov gland|hemolymph|ventriculus|head|royal jelly|unknown|eviscerated abdomen and fat body|thoracic muscle|venom gland|mandibular glands|abdominal integument|whole adult body|eviscerated abdomen with attached fat bodies and inactive ovaries|flight muscle and thoracic exoskeleton|germline|wing disc|male gonad|embryo|wings and thoracic dorsum|abdomen|head and thorax|thorax and abdomen
QIUM02000149.1	0.986102887711575	larvae	larvae|spermetheca|semen|2nd thoracic ganglia|pupae|malpighian tubules|unknown|brain|head|antennae|hindgut|ovaries|testis|ventriculus|whole adult body|optic lobes|mushroom body|thorax and abdomen|nasonov gland|antennal lobes|royal jelly|antennal lobes and subaesophageal ganglion|eviscerated abdomen with attached fat bodies and ovaries|embryo|hemolymph|mandibular glands|flight muscle and thoracic exoskeleton|eviscerated abdomen with attached fat bodies and inactive ovaries|pylori|eviscerated abdomen and fat body|abdomen|fat body|gut|midgut|venom gland|egg|wings and thoracic dorsum|rectum|thorax|thoracic muscle
QIUM02000151.1	0.953969022893907	larvae	larvae|spermetheca|semen|unknown|2nd thoracic ganglia|egg|mushroom body|hindgut|brain|antennae|pupae|head|antennal lobes|antennal lobes and subaesophageal ganglion|midgut|oocyte|optic lobes|ventriculus|eviscerated abdomen with attached fat bodies and ovaries|eviscerated abdomen and fat body|whole adult body|germline|ovaries|nasonov gland|malpighian tubules|mandibular glands|pylori|eviscerated abdomen with attached fat bodies and inactive ovaries|testis|flight muscle and thoracic exoskeleton|venom gland|royal jelly|rectum|wing disc|thorax|embryo|thorax and abdomen|abdominal integument|gut|fat body|hemolymph|abdomen|wings and thoracic dorsum|thoracic muscle
QIUM02000159.1	0.982649550232782	larvae	larvae|spermetheca|semen|whole adult body|thorax|hindgut|ventriculus|antennae|oocyte|ovaries|head|germline|egg|fat body|unknown|embryo|brain|mushroom body
QIUM02000160.1	0.973655823308304	larvae	larvae|spermetheca|pupae|semen|2nd thoracic ganglia|male gonad|egg|hindgut|malpighian tubules|mushroom body|testis|ventriculus|germline|thoracic muscle|nasonov gland|antennal lobes|brain|unknown|ovaries|head|fat body|antennal lobes and subaesophageal ganglion|whole adult body|venom gland|pylori|antennae|eviscerated abdomen and fat body|midgut|rectum|wings and thoracic dorsum|eviscerated abdomen with attached fat bodies and ovaries|mandibular glands|gut|embryo|thorax|optic lobes|hemolymph|abdomen|flight muscle and thoracic exoskeleton|oocyte|thorax and abdomen|head and thorax
QIUM02000181.1	0.977538164462418	spermetheca	spermetheca|semen|larvae|hindgut|egg|malpighian tubules|ovaries|wing disc|whole adult body|antennae|optic lobes|embryo|brain|mushroom body|thorax
QIUM02000184.1	0.963982023386438	spermetheca	spermetheca|larvae|semen|hindgut|thoracic muscle|malpighian tubules|ventriculus|antennae|head|thorax and abdomen|whole adult body|ovaries|midgut|antennal lobes|unknown|pupae|venom gland|embryo|flight muscle and thoracic exoskeleton|pylori|abdomen|fat body|optic lobes|brain|mushroom body|mandibular glands|hemolymph|egg
QIUM02000208.1	0.990387882620968	antennae	antennae|ovaries|hindgut|thorax and abdomen|larvae|oocyte|wing disc|spermetheca|midgut|semen|wings and thoracic dorsum|egg|thorax|embryo|germline|fat body|flight muscle and thoracic exoskeleton|eviscerated abdomen with attached fat bodies and inactive ovaries|eviscerated abdomen and fat body|mushroom body|eviscerated abdomen with attached fat bodies and ovaries|testis|nasonov gland|whole adult body|abdominal integument|pylori|head|2nd thoracic ganglia|antennal lobes and subaesophageal ganglion|venom gland|male gonad|malpighian tubules|thoracic muscle|head and thorax|ventriculus|gut|hypopharyngeal glands|unknown|royal jelly|brain|optic lobes|antennal lobes|abdomen|rectum|pupae|hemolymph|mandibular glands
QIUM02000219.1	0.970877169261646	spermetheca	spermetheca|semen|eviscerated abdomen with attached fat bodies and inactive ovaries|head|abdominal integument|eviscerated abdomen with attached fat bodies and ovaries|wing disc|antennae|oocyte|midgut|flight muscle and thoracic exoskeleton|testis|wings and thoracic dorsum|nasonov gland|thoracic muscle|venom gland|head and thorax|2nd thoracic ganglia|malpighian tubules|embryo|unknown|hindgut|fat body|whole adult body|antennal lobes and subaesophageal ganglion|ovaries|ventriculus|royal jelly|male gonad|gut|pylori|optic lobes|germline|mushroom body|pupae|brain|rectum|egg|antennal lobes|thorax|hypopharyngeal glands|larvae|thorax and abdomen|eviscerated abdomen and fat body|abdomen|hemolymph|mandibular glands
CM009940.2	0.82683987354839	oocyte	oocyte|malpighian tubules|ventriculus|male gonad|ovaries|testis|abdominal integument|head|germline|nasonov gland|embryo|2nd thoracic ganglia|pylori|hemolymph|mushroom body|thoracic muscle|egg|mandibular glands|unknown|midgut|wings and thoracic dorsum|eviscerated abdomen with attached fat bodies and ovaries|fat body|antennal lobes|gut|brain|eviscerated abdomen and fat body|royal jelly|pupae|flight muscle and thoracic exoskeleton|thorax and abdomen|antennae|rectum|hindgut|larvae|thorax|antennal lobes and subaesophageal ganglion|head and thorax|venom gland|hypopharyngeal glands|wing disc|optic lobes|eviscerated abdomen with attached fat bodies and inactive ovaries|semen|abdomen|whole adult body|spermetheca
QIUM02000074.1	0.836589602677002	larvae	larvae|antennae|head|pupae|semen|hindgut|2nd thoracic ganglia|antennal lobes|ovaries|spermetheca|pylori|mushroom body|brain|unknown|antennal lobes and subaesophageal ganglion|thoracic muscle|optic lobes|eviscerated abdomen and fat body|malpighian tubules|testis|mandibular glands|male gonad|gut|egg|thorax and abdomen|embryo|flight muscle and thoracic exoskeleton|germline|hypopharyngeal glands|ventriculus|eviscerated abdomen with attached fat bodies and ovaries|royal jelly|venom gland|wing disc|midgut|abdomen|whole adult body|thorax|eviscerated abdomen with attached fat bodies and inactive ovaries|rectum|wings and thoracic dorsum|oocyte|abdominal integument|head and thorax|hemolymph|fat body|nasonov gland
QIUM02000078.1	0.787075819193415	malpighian tubules	malpighian tubules|hemolymph|abdominal integument|pylori|ventriculus|testis|eviscerated abdomen and fat body|thoracic muscle|wings and thoracic dorsum|nasonov gland|male gonad|unknown|mandibular glands|wing disc|oocyte|pupae|royal jelly|head|egg|larvae|hypopharyngeal glands|mushroom body|2nd thoracic ganglia|midgut|ovaries|venom gland|brain|antennal lobes|fat body|gut|thorax|rectum|thorax and abdomen|eviscerated abdomen with attached fat bodies and ovaries|germline|flight muscle and thoracic exoskeleton|head and thorax|hindgut|abdomen|antennae|antennal lobes and subaesophageal ganglion|optic lobes|eviscerated abdomen with attached fat bodies and inactive ovaries|spermetheca|semen|whole adult body|embryo
QIUM02000091.1	0.960514543470972	ovaries	ovaries|oocyte|malpighian tubules|germline|spermetheca|semen|hindgut|eviscerated abdomen with attached fat bodies and ovaries|2nd thoracic ganglia|male gonad|egg|midgut|larvae|thoracic muscle|ventriculus|pupae|mushroom body|testis|rectum|antennae|flight muscle and thoracic exoskeleton|head|unknown|antennal lobes|venom gland|brain|eviscerated abdomen and fat body|gut|antennal lobes and subaesophageal ganglion|royal jelly|pylori|thorax|nasonov gland|thorax and abdomen|fat body|eviscerated abdomen with attached fat bodies and inactive ovaries|mandibular glands|hemolymph|whole adult body|optic lobes|hypopharyngeal glands|wings and thoracic dorsum|abdomen|head and thorax|abdominal integument|embryo|wing disc
QIUM02000110.1	0.986104719451972	hindgut	hindgut|spermetheca|semen|pupae|antennae|ovaries|larvae|egg|thorax and abdomen|whole adult body|wing disc|mushroom body|thorax|midgut|antennal lobes|embryo|head|nasonov gland|brain|fat body|mandibular glands|pylori|optic lobes
QIUM02000125.1	0.95516087838344	spermetheca	spermetheca|ovaries|malpighian tubules|semen|germline|testis|male gonad|ventriculus|larvae|head|hindgut|whole adult body|unknown|eviscerated abdomen with attached fat bodies and ovaries|venom gland|brain|fat body|mushroom body|mandibular glands|thorax and abdomen|antennae|antennal lobes and subaesophageal ganglion|gut
QIUM02000127.1	0.952022669472528	ovaries	ovaries|spermetheca|larvae|germline|semen|malpighian tubules|hindgut|ventriculus|whole adult body|thorax and abdomen|egg|head|antennae|eviscerated abdomen with attached fat bodies and ovaries|male gonad|2nd thoracic ganglia|testis|thoracic muscle|embryo|hypopharyngeal glands|antennal lobes|venom gland|pupae|mandibular glands|thorax|wings and thoracic dorsum|head and thorax|antennal lobes and subaesophageal ganglion|gut|rectum|wing disc|mushroom body|fat body|unknown|flight muscle and thoracic exoskeleton|eviscerated abdomen with attached fat bodies and inactive ovaries|brain|eviscerated abdomen and fat body|hemolymph|optic lobes|midgut
QIUM02000140.1	0.977265751693662	spermetheca	spermetheca|semen|ovaries|larvae|hindgut|germline|ventriculus|whole adult body|thorax and abdomen|malpighian tubules|egg|antennae|thoracic muscle|rectum|head|2nd thoracic ganglia|testis|oocyte|unknown|thorax|eviscerated abdomen and fat body|midgut|pupae|gut|flight muscle and thoracic exoskeleton|eviscerated abdomen with attached fat bodies and ovaries|eviscerated abdomen with attached fat bodies and inactive ovaries|embryo|mandibular glands|brain|antennal lobes|mushroom body|nasonov gland|fat body|hemolymph|wing disc|wings and thoracic dorsum
CM009941.2	0.911318997541621	hypopharyngeal glands	hypopharyngeal glands|head|malpighian tubules|ventriculus|oocyte|male gonad|testis|ovaries|mandibular glands|hemolymph|nasonov gland|2nd thoracic ganglia|abdominal integument|germline|pylori|mushroom body|thoracic muscle|wings and thoracic dorsum|midgut|unknown|antennal lobes|fat body|brain|egg|gut|eviscerated abdomen with attached fat bodies and ovaries|antennae|royal jelly|thorax and abdomen|eviscerated abdomen and fat body|pupae|larvae|rectum|flight muscle and thoracic exoskeleton|antennal lobes and subaesophageal ganglion|wing disc|venom gland|hindgut|head and thorax|optic lobes|eviscerated abdomen with attached fat bodies and inactive ovaries|thorax|abdomen|semen|spermetheca|whole adult body|embryo
QIUM02000096.1	0.994322065061287	ventriculus	ventriculus|malpighian tubules|gut|spermetheca|larvae|thorax and abdomen|midgut|semen|hindgut|whole adult body|abdomen|unknown|testis|antennae|egg|hemolymph|male gonad|thorax|head and thorax|ovaries|nasonov gland|pupae|royal jelly|germline|pylori|oocyte|head|mandibular glands|antennal lobes|mushroom body|rectum|embryo|brain|abdominal integument|optic lobes
QIUM02000117.1	0.815098927562704	mushroom body	mushroom body|malpighian tubules|unknown|2nd thoracic ganglia|brain|pupae|ovaries|antennal lobes|pylori|fat body|mandibular glands|hemolymph|midgut|thoracic muscle|venom gland|gut|ventriculus|testis|egg|germline|larvae|optic lobes|head|nasonov gland|antennal lobes and subaesophageal ganglion|thorax|hindgut|wings and thoracic dorsum|rectum|abdominal integument|spermetheca|hypopharyngeal glands|antennae|thorax and abdomen|eviscerated abdomen and fat body|semen|oocyte|royal jelly|flight muscle and thoracic exoskeleton|eviscerated abdomen with attached fat bodies and ovaries|eviscerated abdomen with attached fat bodies and inactive ovaries|wing disc|male gonad|whole adult body|head and thorax|abdomen|embryo
QIUM02000156.1	0.989169160898982	semen	semen|spermetheca|larvae|ovaries|hindgut|antennae|germline|hemolymph|thorax and abdomen|embryo|malpighian tubules|male gonad|wing disc|testis|eviscerated abdomen with attached fat bodies and ovaries|egg|head|ventriculus|head and thorax|oocyte|eviscerated abdomen with attached fat bodies and inactive ovaries|rectum|flight muscle and thoracic exoskeleton|eviscerated abdomen and fat body|hypopharyngeal glands|fat body|pupae|nasonov gland|wings and thoracic dorsum|abdominal integument|pylori|whole adult body|venom gland|optic lobes|unknown|gut|mandibular glands|mushroom body|brain|thorax|midgut|antennal lobes and subaesophageal ganglion
QIUM02000168.1	0.854412930649359	2nd thoracic ganglia	2nd thoracic ganglia|pylori|mushroom body|antennal lobes|ovaries|head|brain|antennal lobes and subaesophageal ganglion|malpighian tubules|unknown|optic lobes|germline|thoracic muscle|male gonad|pupae|mandibular glands|spermetheca|hindgut|gut|midgut|antennae|royal jelly|oocyte|flight muscle and thoracic exoskeleton|venom gland|ventriculus|thorax and abdomen|rectum|larvae|egg|abdominal integument|head and thorax|wings and thoracic dorsum|semen|hypopharyngeal glands|testis|eviscerated abdomen with attached fat bodies and ovaries|eviscerated abdomen and fat body|abdomen|fat body|nasonov gland|whole adult body|eviscerated abdomen with attached fat bodies and inactive ovaries|hemolymph|wing disc|embryo|thorax
QIUM02000223.1	0.986561024044402	spermetheca	spermetheca|semen|midgut|eviscerated abdomen with attached fat bodies and inactive ovaries|abdominal integument|antennae|oocyte|flight muscle and thoracic exoskeleton|eviscerated abdomen with attached fat bodies and ovaries|embryo|wing disc|hindgut|testis|head|nasonov gland|malpighian tubules|2nd thoracic ganglia|wings and thoracic dorsum|ventriculus|whole adult body|fat body|male gonad|venom gland|pylori|pupae|thorax and abdomen|head and thorax|thoracic muscle|antennal lobes and subaesophageal ganglion|mushroom body|egg|thorax|ovaries|unknown|royal jelly|larvae|optic lobes|germline|brain|rectum|hypopharyngeal glands|abdomen|antennal lobes|gut|eviscerated abdomen and fat body|hemolymph|mandibular glands
CM009942.2	0.825152304769749	malpighian tubules	malpighian tubules|ventriculus|male gonad|wings and thoracic dorsum|unknown|head|testis|oocyte|abdominal integument|ovaries|mandibular glands|mushroom body|2nd thoracic ganglia|hemolymph|thoracic muscle|pylori|antennae|royal jelly|antennal lobes|brain|nasonov gland|midgut|germline|egg|embryo|flight muscle and thoracic exoskeleton|venom gland|gut|eviscerated abdomen and fat body|head and thorax|fat body|larvae|thorax and abdomen|pupae|antennal lobes and subaesophageal ganglion|rectum|hindgut|eviscerated abdomen with attached fat bodies and ovaries|optic lobes|wing disc|thorax|hypopharyngeal glands|spermetheca|semen|eviscerated abdomen with attached fat bodies and inactive ovaries|abdomen|whole adult body
QIUM02000143.1	0.992534511156801	semen	semen|spermetheca|ovaries
CM009943.2	0.877649900665183	male gonad	male gonad|ventriculus|malpighian tubules|oocyte|ovaries|head|midgut|testis|2nd thoracic ganglia|abdominal integument|germline|gut|mandibular glands|nasonov gland|pylori|hemolymph|mushroom body|antennal lobes|unknown|thoracic muscle|antennae|thorax and abdomen|wings and thoracic dorsum|brain|eviscerated abdomen and fat body|fat body|venom gland|eviscerated abdomen with attached fat bodies and ovaries|hindgut|egg|larvae|flight muscle and thoracic exoskeleton|antennal lobes and subaesophageal ganglion|rectum|royal jelly|head and thorax|pupae|optic lobes|hypopharyngeal glands|wing disc|semen|eviscerated abdomen with attached fat bodies and inactive ovaries|abdomen|thorax|whole adult body|spermetheca|embryo
CM009944.2	0.869540521132257	malpighian tubules	malpighian tubules|ventriculus|male gonad|oocyte|testis|ovaries|head|2nd thoracic ganglia|midgut|abdominal integument|pylori|hemolymph|gut|wings and thoracic dorsum|nasonov gland|germline|unknown|mushroom body|thoracic muscle|mandibular glands|antennal lobes|egg|brain|royal jelly|fat body|antennae|thorax and abdomen|pupae|eviscerated abdomen and fat body|rectum|hindgut|flight muscle and thoracic exoskeleton|eviscerated abdomen with attached fat bodies and ovaries|antennal lobes and subaesophageal ganglion|larvae|head and thorax|venom gland|optic lobes|thorax|wing disc|semen|hypopharyngeal glands|eviscerated abdomen with attached fat bodies and inactive ovaries|abdomen|whole adult body|spermetheca|embryo
QIUM02000097.1	0.967958552492997	spermetheca	spermetheca|larvae|semen|egg|hindgut|ovaries|thorax|ventriculus|2nd thoracic ganglia|whole adult body|antennae|thorax and abdomen|unknown|testis|head|pupae|eviscerated abdomen and fat body|wing disc|gut|pylori|embryo|mushroom body|abdominal integument|mandibular glands|antennal lobes|antennal lobes and subaesophageal ganglion|fat body|brain|midgut|hemolymph
QIUM02000119.1	0.984902174721938	larvae	larvae|spermetheca|semen|egg|hindgut|thorax|malpighian tubules|ovaries|antennae|midgut|gut|pupae|testis|whole adult body|head|embryo|ventriculus|mushroom body|thorax and abdomen|antennal lobes and subaesophageal ganglion|pylori|wing disc|antennal lobes|mandibular glands|optic lobes|eviscerated abdomen and fat body|flight muscle and thoracic exoskeleton|hemolymph|brain|unknown|2nd thoracic ganglia|wings and thoracic dorsum
QIUM02000124.1	0.872569229965282	spermetheca	spermetheca|oocyte|embryo|larvae|pupae|thorax|semen|pylori|malpighian tubules|eviscerated abdomen and fat body|hindgut|egg|ventriculus|thorax and abdomen|unknown|brain|ovaries|whole adult body|antennae|head|midgut|germline|mushroom body|testis|abdominal integument|wings and thoracic dorsum|antennal lobes and subaesophageal ganglion|wing disc|antennal lobes|nasonov gland|eviscerated abdomen with attached fat bodies and ovaries|mandibular glands|eviscerated abdomen with attached fat bodies and inactive ovaries|flight muscle and thoracic exoskeleton|fat body|optic lobes|thoracic muscle|rectum|royal jelly|gut|hemolymph
QIUM02000132.1	0.989570066223068	larvae	larvae|spermetheca|semen|ovaries|hindgut|whole adult body|malpighian tubules|antennae|ventriculus|antennal lobes and subaesophageal ganglion|thoracic muscle|eviscerated abdomen with attached fat bodies and ovaries|head|eviscerated abdomen with attached fat bodies and inactive ovaries|pupae|flight muscle and thoracic exoskeleton|venom gland|germline|embryo|testis|hemolymph|unknown|midgut|optic lobes|mushroom body|pylori|brain
QIUM02000141.1	0.991446414174055	larvae	larvae|spermetheca|semen|thorax|egg|ventriculus|malpighian tubules|midgut|hindgut|whole adult body|head|germline|venom gland|eviscerated abdomen with attached fat bodies and ovaries|gut|pupae|nasonov gland|antennae|ovaries|thorax and abdomen|unknown|optic lobes|mandibular glands|brain|mushroom body|testis|embryo
QIUM02000152.1	0.994921112996071	larvae	larvae|spermetheca|semen|whole adult body|hindgut|gut|embryo|pylori|thorax|egg|pupae|ovaries|midgut|wings and thoracic dorsum|head|antennal lobes|mandibular glands|unknown|mushroom body|brain|ventriculus|optic lobes
QIUM02000153.1	0.981877460509322	spermetheca	spermetheca|larvae|semen|hindgut|antennal lobes|ventriculus|whole adult body|thorax|ovaries|germline|midgut|eviscerated abdomen and fat body|antennae|fat body|mandibular glands|embryo|head|pylori|unknown|mushroom body|brain
QIUM02000164.1	0.959695503790249	spermetheca	spermetheca|ovaries|larvae|semen|malpighian tubules|germline|hindgut|ventriculus|whole adult body|antennae|head|thorax and abdomen|unknown|brain|mushroom body
QIUM02000166.1	0.91656260218574	antennae	antennae|semen|ovaries|larvae|germline|eviscerated abdomen with attached fat bodies and ovaries|ventriculus|thorax and abdomen|hindgut|flight muscle and thoracic exoskeleton|whole adult body|mandibular glands|mushroom body|spermetheca|brain|head
QIUM02000173.1	0.971277787563108	spermetheca	spermetheca|larvae|semen|hindgut|pupae|mushroom body|pylori|ovaries|antennae|antennal lobes|antennal lobes and subaesophageal ganglion|mandibular glands|ventriculus|testis|hemolymph|wings and thoracic dorsum|unknown|optic lobes|venom gland|embryo|hypopharyngeal glands|thoracic muscle|whole adult body|fat body|malpighian tubules|abdominal integument|thorax|brain|head|flight muscle and thoracic exoskeleton|midgut|egg|gut|2nd thoracic ganglia
QIUM02000174.1	0.992317197642149	larvae	larvae|spermetheca|thorax|egg|semen|malpighian tubules|whole adult body|ventriculus|ovaries|hindgut|head|gut|midgut|antennae|testis|wing disc|mushroom body|nasonov gland|optic lobes|brain|unknown|hemolymph|germline|embryo|mandibular glands|pupae|thorax and abdomen|wings and thoracic dorsum
QIUM02000183.1	0.960242790707421	semen	semen|larvae|egg|hindgut|pylori|thorax and abdomen|head|gut|whole adult body|mushroom body|ventriculus|brain|antennae
QIUM02000190.1	0.973397960660927	ventriculus	ventriculus|egg|male gonad|hindgut|midgut|semen|thorax and abdomen|antennal lobes and subaesophageal ganglion|ovaries|eviscerated abdomen with attached fat bodies and ovaries|larvae|testis|wings and thoracic dorsum|gut|head|mushroom body|antennae|embryo|antennal lobes|brain|optic lobes|whole adult body|unknown|thorax|pupae
QIUM02000195.1	0.926382990946049	spermetheca	spermetheca|ovaries|larvae|germline|semen|pupae|malpighian tubules|hindgut|ventriculus|head|antennae|eviscerated abdomen and fat body|egg|testis|whole adult body|unknown|thorax and abdomen|midgut|rectum|thorax|flight muscle and thoracic exoskeleton|eviscerated abdomen with attached fat bodies and ovaries|eviscerated abdomen with attached fat bodies and inactive ovaries|male gonad|embryo|venom gland|hypopharyngeal glands|head and thorax|pylori|antennal lobes and subaesophageal ganglion|gut|abdomen|optic lobes|mushroom body|mandibular glands|wings and thoracic dorsum|nasonov gland|brain|abdominal integument|fat body|hemolymph
CM009945.2	0.814643589251617	malpighian tubules	malpighian tubules|ventriculus|male gonad|head|oocyte|testis|abdominal integument|pylori|2nd thoracic ganglia|unknown|nasonov gland|ovaries|mushroom body|midgut|hemolymph|antennal lobes|wings and thoracic dorsum|fat body|eviscerated abdomen with attached fat bodies and ovaries|eviscerated abdomen and fat body|mandibular glands|germline|thoracic muscle|brain|gut|royal jelly|egg|antennae|larvae|thorax and abdomen|flight muscle and thoracic exoskeleton|rectum|antennal lobes and subaesophageal ganglion|hypopharyngeal glands|pupae|eviscerated abdomen with attached fat bodies and inactive ovaries|thorax|head and thorax|optic lobes|hindgut|venom gland|wing disc|abdomen|whole adult body|semen|spermetheca|embryo
QIUM02000076.1	0.961637352524933	spermetheca	spermetheca|2nd thoracic ganglia|testis|wing disc|semen|unknown|pylori|ovaries|mushroom body|larvae|antennal lobes|ventriculus|brain|egg|fat body|germline|oocyte|wings and thoracic dorsum|hindgut|pupae|head|abdominal integument|gut|antennal lobes and subaesophageal ganglion|hemolymph|malpighian tubules|mandibular glands|royal jelly|flight muscle and thoracic exoskeleton|thorax|midgut|optic lobes|antennae|venom gland|male gonad|thorax and abdomen|rectum|eviscerated abdomen with attached fat bodies and ovaries|eviscerated abdomen with attached fat bodies and inactive ovaries|eviscerated abdomen and fat body|nasonov gland|embryo|thoracic muscle|abdomen|whole adult body|hypopharyngeal glands|head and thorax
QIUM02000080.1	0.897267984414886	eviscerated abdomen and fat body	eviscerated abdomen and fat body|testis|ventriculus|ovaries|eviscerated abdomen with attached fat bodies and ovaries|hemolymph|spermetheca|2nd thoracic ganglia|malpighian tubules|semen|nasonov gland|antennal lobes|eviscerated abdomen with attached fat bodies and inactive ovaries|abdomen|male gonad|flight muscle and thoracic exoskeleton|head|antennal lobes and subaesophageal ganglion|germline|unknown|midgut|mushroom body|thorax and abdomen|antennae|fat body|hindgut|larvae|optic lobes|brain|gut|pupae|whole adult body|wing disc|oocyte|thoracic muscle|mandibular glands|rectum|venom gland|abdominal integument|royal jelly|egg|head and thorax|pylori|wings and thoracic dorsum|embryo|thorax|hypopharyngeal glands
QIUM02000087.1	0.942043852878507	spermetheca	spermetheca|larvae|semen|egg|ovaries|hindgut|antennae|malpighian tubules|pupae|male gonad|thorax|ventriculus|testis|mushroom body|head|2nd thoracic ganglia|germline|unknown|pylori|antennal lobes and subaesophageal ganglion|antennal lobes|hemolymph|thorax and abdomen|oocyte|optic lobes|midgut|brain|fat body|whole adult body|wing disc|mandibular glands|hypopharyngeal glands|gut|wings and thoracic dorsum|rectum|venom gland|nasonov gland|thoracic muscle|eviscerated abdomen and fat body|flight muscle and thoracic exoskeleton|abdominal integument|eviscerated abdomen with attached fat bodies and inactive ovaries|eviscerated abdomen with attached fat bodies and ovaries|embryo|abdomen
QIUM02000094.1	0.980714120738726	ovaries	ovaries|larvae|germline|egg|thoracic muscle|pupae|semen|testis|2nd thoracic ganglia|hemolymph|antennal lobes|embryo|malpighian tubules|ventriculus|spermetheca|antennal lobes and subaesophageal ganglion|antennae|male gonad|hindgut|mushroom body|midgut|brain|optic lobes|oocyte|gut|pylori|whole adult body|eviscerated abdomen with attached fat bodies and ovaries|rectum|head|mandibular glands|fat body|unknown|nasonov gland|thorax and abdomen|flight muscle and thoracic exoskeleton|eviscerated abdomen and fat body|venom gland|royal jelly|head and thorax|wing disc|thorax|hypopharyngeal glands|eviscerated abdomen with attached fat bodies and inactive ovaries|abdomen
QIUM02000121.1	0.978313795855171	spermetheca	spermetheca|semen|larvae|hindgut|malpighian tubules|ovaries|2nd thoracic ganglia|whole adult body|ventriculus|antennae|egg|pupae|mushroom body|embryo|hemolymph|head|antennal lobes and subaesophageal ganglion|thoracic muscle|brain|mandibular glands|testis|optic lobes|thorax and abdomen|gut|fat body|nasonov gland|midgut|thorax|unknown|wings and thoracic dorsum|wing disc
QIUM02000123.1	0.77565835901758	egg	egg|malpighian tubules|ventriculus|mushroom body|testis|pupae|hemolymph|unknown|2nd thoracic ganglia|brain|pylori|antennal lobes|wings and thoracic dorsum|larvae|ovaries|midgut|abdominal integument|thoracic muscle|male gonad|mandibular glands|gut|antennal lobes and subaesophageal ganglion|optic lobes|nasonov gland|antennae|fat body|germline|rectum|venom gland|thorax and abdomen|thorax|royal jelly|hindgut|hypopharyngeal glands|wing disc|head|spermetheca|eviscerated abdomen with attached fat bodies and ovaries|flight muscle and thoracic exoskeleton|semen|eviscerated abdomen and fat body|oocyte|head and thorax|eviscerated abdomen with attached fat bodies and inactive ovaries|abdomen|whole adult body|embryo
QIUM02000133.1	0.976932677062859	larvae	larvae|spermetheca|semen|egg|ventriculus|hindgut|thorax|antennae|ovaries|2nd thoracic ganglia|head|malpighian tubules|embryo|whole adult body|pupae|nasonov gland|thorax and abdomen|germline|fat body|mandibular glands|unknown|antennal lobes and subaesophageal ganglion|midgut|eviscerated abdomen and fat body|mushroom body|brain|wing disc
QIUM02000136.1	0.96184742412265	larvae	larvae|spermetheca|semen|egg|malpighian tubules|hindgut|pupae|antennal lobes and subaesophageal ganglion|2nd thoracic ganglia|antennae|head|ovaries|optic lobes|thoracic muscle|flight muscle and thoracic exoskeleton|mushroom body|testis|brain|embryo|hemolymph|wing disc|oocyte|thorax|unknown|germline|whole adult body|pylori|ventriculus|mandibular glands|rectum|antennal lobes|eviscerated abdomen and fat body|midgut|gut|eviscerated abdomen with attached fat bodies and ovaries|fat body|nasonov gland|eviscerated abdomen with attached fat bodies and inactive ovaries|wings and thoracic dorsum|thorax and abdomen|abdomen
QIUM02000138.1	0.982382431678067	larvae	larvae|spermetheca|semen|thorax|hindgut|male gonad|eviscerated abdomen and fat body|malpighian tubules|egg|antennae|ventriculus|pupae|brain|embryo|thorax and abdomen|antennal lobes|ovaries|rectum|whole adult body|optic lobes|testis|midgut|head|flight muscle and thoracic exoskeleton|abdominal integument|eviscerated abdomen with attached fat bodies and ovaries|eviscerated abdomen with attached fat bodies and inactive ovaries|mushroom body|unknown|antennal lobes and subaesophageal ganglion|nasonov gland
QIUM02000146.1	0.933839236701099	ventriculus	ventriculus|eviscerated abdomen and fat body|eviscerated abdomen with attached fat bodies and ovaries|nasonov gland|malpighian tubules|abdomen|eviscerated abdomen with attached fat bodies and inactive ovaries|midgut|ovaries|testis|male gonad|thorax and abdomen|spermetheca|hindgut|fat body|flight muscle and thoracic exoskeleton|antennae|head|oocyte|antennal lobes and subaesophageal ganglion|larvae|semen|germline|optic lobes|hemolymph|whole adult body|royal jelly|rectum|abdominal integument|egg|venom gland|unknown|thorax|pupae|mushroom body|head and thorax|2nd thoracic ganglia|wing disc|gut|antennal lobes|pylori|wings and thoracic dorsum|thoracic muscle|mandibular glands|hypopharyngeal glands|brain|embryo
QIUM02000185.1	0.957010886687893	spermetheca	spermetheca|semen|antennae|thorax and abdomen|ovaries|eviscerated abdomen with attached fat bodies and inactive ovaries|eviscerated abdomen with attached fat bodies and ovaries|head|eviscerated abdomen and fat body|germline|larvae|abdominal integument|hindgut|flight muscle and thoracic exoskeleton|whole adult body|thoracic muscle|midgut|testis|egg|wing disc|oocyte|malpighian tubules|2nd thoracic ganglia|ventriculus|male gonad|nasonov gland|pupae|abdomen|wings and thoracic dorsum|venom gland|embryo|thorax|head and thorax|hypopharyngeal glands|rectum|antennal lobes and subaesophageal ganglion|gut|brain|hemolymph|fat body|optic lobes|unknown|antennal lobes|mushroom body|pylori|royal jelly|mandibular glands
QIUM02000193.1	0.985798121570517	spermetheca	spermetheca|semen|larvae|hindgut|hemolymph|germline|antennal lobes|antennae|mushroom body|pylori|ovaries|male gonad|egg|optic lobes|head|thorax|hypopharyngeal glands|wings and thoracic dorsum|flight muscle and thoracic exoskeleton|antennal lobes and subaesophageal ganglion|midgut|mandibular glands|eviscerated abdomen with attached fat bodies and inactive ovaries|whole adult body|thorax and abdomen|abdomen|brain|gut|fat body|pupae|unknown|ventriculus|2nd thoracic ganglia
QIUM02000210.1	0.974341765004454	semen	semen|spermetheca|hindgut|antennae|oocyte|eviscerated abdomen with attached fat bodies and inactive ovaries|midgut|eviscerated abdomen and fat body|eviscerated abdomen with attached fat bodies and ovaries|flight muscle and thoracic exoskeleton|wing disc|embryo|abdominal integument|testis|whole adult body|thorax and abdomen|nasonov gland|2nd thoracic ganglia|fat body|wings and thoracic dorsum|pupae|malpighian tubules|germline|ventriculus|head|antennal lobes and subaesophageal ganglion|male gonad|ovaries|larvae|venom gland|pylori|egg|mushroom body|thorax|head and thorax|optic lobes|abdomen|thoracic muscle|hypopharyngeal glands|brain|antennal lobes|rectum|unknown|gut|hemolymph|mandibular glands
QIUM02000212.1	0.988394954798483	spermetheca	spermetheca|semen|larvae|ovaries|hindgut|antennae|male gonad|ventriculus|malpighian tubules|2nd thoracic ganglia|embryo|midgut|thorax and abdomen|antennal lobes|pupae|brain|eviscerated abdomen and fat body|wing disc|mushroom body|flight muscle and thoracic exoskeleton|testis|pylori|eviscerated abdomen with attached fat bodies and ovaries|eviscerated abdomen with attached fat bodies and inactive ovaries|fat body|mandibular glands|wings and thoracic dorsum|gut|whole adult body|antennal lobes and subaesophageal ganglion|head|hemolymph|optic lobes|unknown|germline
QIUM02000217.1	0.991012347129513	flight muscle and thoracic exoskeleton	flight muscle and thoracic exoskeleton|eviscerated abdomen with attached fat bodies and inactive ovaries|hypopharyngeal glands|venom gland|antennal lobes and subaesophageal ganglion|gut|optic lobes|unknown|hemolymph|mandibular glands|larvae|ventriculus|head|malpighian tubules|midgut|testis|spermetheca|eviscerated abdomen and fat body|antennae|nasonov gland|pylori|semen|royal jelly|hindgut|rectum|whole adult body|fat body|abdomen|wing disc|mushroom body|brain|ovaries|embryo|thorax|head and thorax|male gonad|eviscerated abdomen with attached fat bodies and ovaries|abdominal integument|antennal lobes|thoracic muscle|2nd thoracic ganglia|wings and thoracic dorsum
QIUM02000224.1	0.978020345555373	semen	semen|spermetheca|embryo|germline|testis|thorax and abdomen|antennae|ovaries|eviscerated abdomen with attached fat bodies and inactive ovaries|oocyte|hindgut|abdominal integument|wing disc|ventriculus|eviscerated abdomen with attached fat bodies and ovaries|malpighian tubules|wings and thoracic dorsum|larvae|nasonov gland|head|male gonad|pupae|flight muscle and thoracic exoskeleton|midgut|fat body|whole adult body|pylori|abdomen|hypopharyngeal glands|brain|mushroom body|antennal lobes and subaesophageal ganglion|egg|gut|thorax|mandibular glands|unknown
QIUM02000225.1	0.966373913333888	spermetheca	spermetheca|semen|eviscerated abdomen with attached fat bodies and inactive ovaries|antennae|embryo|eviscerated abdomen with attached fat bodies and ovaries|oocyte|wing disc|midgut|pupae|abdominal integument|hindgut|head|testis|thorax and abdomen|flight muscle and thoracic exoskeleton|germline|wings and thoracic dorsum|nasonov gland|whole adult body|2nd thoracic ganglia|eviscerated abdomen and fat body|head and thorax|fat body|malpighian tubules|venom gland|egg|abdomen|antennal lobes and subaesophageal ganglion|ventriculus|larvae|thoracic muscle|pylori|optic lobes|mushroom body|male gonad|unknown|thorax|ovaries|antennal lobes|brain|hemolymph|royal jelly|rectum|gut|hypopharyngeal glands|mandibular glands
QIUM02000226.1	0.999974104842773	embryo	embryo|oocyte|spermetheca|semen|antennae|wing disc|ovaries|male gonad|thoracic muscle|2nd thoracic ganglia|ventriculus|abdominal integument|wings and thoracic dorsum|thorax and abdomen|flight muscle and thoracic exoskeleton|nasonov gland|germline|hindgut|brain|testis|gut|eviscerated abdomen with attached fat bodies and inactive ovaries|hemolymph|midgut|hypopharyngeal glands|whole adult body|larvae|eviscerated abdomen and fat body|antennal lobes|eviscerated abdomen with attached fat bodies and ovaries|venom gland|mandibular glands|head|pupae|fat body|mushroom body|optic lobes|unknown|abdomen|egg
CM009946.2	0.785157886065341	malpighian tubules	malpighian tubules|ventriculus|abdominal integument|male gonad|nasonov gland|oocyte|testis|hemolymph|ovaries|fat body|pylori|head|eviscerated abdomen with attached fat bodies and ovaries|eviscerated abdomen and fat body|unknown|2nd thoracic ganglia|germline|thoracic muscle|mushroom body|wings and thoracic dorsum|mandibular glands|midgut|thorax and abdomen|egg|antennal lobes|larvae|royal jelly|antennae|brain|flight muscle and thoracic exoskeleton|head and thorax|gut|eviscerated abdomen with attached fat bodies and inactive ovaries|rectum|pupae|hindgut|antennal lobes and subaesophageal ganglion|thorax|venom gland|wing disc|hypopharyngeal glands|optic lobes|abdomen|semen|whole adult body|spermetheca|embryo
QIUM02000069.1	0.840888239236292	ventriculus	ventriculus|malpighian tubules|oocyte|ovaries|hemolymph|testis|2nd thoracic ganglia|unknown|egg|mushroom body|male gonad|germline|antennal lobes|midgut|larvae|brain|mandibular glands|abdominal integument|gut|pylori|wings and thoracic dorsum|pupae|nasonov gland|head|thorax and abdomen|thoracic muscle|fat body|antennal lobes and subaesophageal ganglion|royal jelly|hindgut|rectum|optic lobes|thorax|eviscerated abdomen with attached fat bodies and ovaries|venom gland|eviscerated abdomen and fat body|hypopharyngeal glands|spermetheca|wing disc|antennae|flight muscle and thoracic exoskeleton|semen|head and thorax|whole adult body|eviscerated abdomen with attached fat bodies and inactive ovaries|abdomen|embryo
QIUM02000070.1	0.930217609724866	ovaries	ovaries|germline|egg|oocyte|larvae|malpighian tubules|ventriculus|spermetheca|testis|unknown|2nd thoracic ganglia|hemolymph|eviscerated abdomen with attached fat bodies and ovaries|midgut|mushroom body|pupae|brain|semen|antennal lobes|hindgut|gut|nasonov gland|male gonad|head|antennal lobes and subaesophageal ganglion|embryo|pylori|thorax and abdomen|optic lobes|antennae|fat body|thorax|mandibular glands|eviscerated abdomen and fat body|eviscerated abdomen with attached fat bodies and inactive ovaries|abdominal integument|venom gland|rectum|whole adult body|wings and thoracic dorsum|hypopharyngeal glands|thoracic muscle|flight muscle and thoracic exoskeleton|royal jelly|wing disc|head and thorax|abdomen
QIUM02000071.1	0.973007519968296	larvae	larvae|spermetheca|semen|egg|thorax|hindgut|whole adult body|ventriculus|malpighian tubules|ovaries|antennae|head|2nd thoracic ganglia|pupae|embryo|testis|germline|antennal lobes|mushroom body|pylori|midgut|thorax and abdomen|thoracic muscle|unknown|eviscerated abdomen and fat body|brain|wing disc|antennal lobes and subaesophageal ganglion|optic lobes|fat body|mandibular glands|wings and thoracic dorsum|hemolymph|male gonad|rectum|gut|flight muscle and thoracic exoskeleton|eviscerated abdomen with attached fat bodies and ovaries|nasonov gland|venom gland|eviscerated abdomen with attached fat bodies and inactive ovaries|oocyte|abdominal integument|hypopharyngeal glands|head and thorax|abdomen
QIUM02000072.1	0.973261433467473	spermetheca	spermetheca|larvae|semen|hindgut|egg|antennae|thorax|unknown|ventriculus|pupae|whole adult body|testis|midgut|malpighian tubules|ovaries|head|oocyte|2nd thoracic ganglia|venom gland|mushroom body|germline|thorax and abdomen|embryo|wing disc|pylori|eviscerated abdomen and fat body|head and thorax|antennal lobes and subaesophageal ganglion|brain|antennal lobes|abdominal integument|wings and thoracic dorsum|eviscerated abdomen with attached fat bodies and ovaries|nasonov gland|fat body|optic lobes|hemolymph|flight muscle and thoracic exoskeleton|abdomen|mandibular glands|gut
QIUM02000073.1	0.899301870219651	spermetheca	spermetheca|larvae|ventriculus|whole adult body|semen|malpighian tubules|unknown|2nd thoracic ganglia|mushroom body|brain|gut|antennal lobes|hemolymph|testis|ovaries|thoracic muscle|hindgut|antennal lobes and subaesophageal ganglion|optic lobes|egg|pupae|head|rectum|pylori|venom gland|mandibular glands|eviscerated abdomen and fat body|male gonad|nasonov gland|antennae|thorax|midgut|fat body|abdominal integument|oocyte|eviscerated abdomen with attached fat bodies and ovaries|flight muscle and thoracic exoskeleton|germline|thorax and abdomen|wings and thoracic dorsum|royal jelly|hypopharyngeal glands|eviscerated abdomen with attached fat bodies and inactive ovaries|wing disc|abdomen|embryo|head and thorax
QIUM02000075.1	0.960139862995838	larvae	larvae|spermetheca|semen|brain|pupae|2nd thoracic ganglia|unknown|hindgut|egg|thoracic muscle|ventriculus|mushroom body|antennal lobes|malpighian tubules|pylori|ovaries|antennal lobes and subaesophageal ganglion|thorax|hemolymph|mandibular glands|antennae|head|abdominal integument|eviscerated abdomen and fat body|nasonov gland|gut|whole adult body|optic lobes|germline|eviscerated abdomen with attached fat bodies and ovaries|thorax and abdomen|flight muscle and thoracic exoskeleton|male gonad|rectum|venom gland|testis|oocyte|embryo|midgut|wing disc|wings and thoracic dorsum|eviscerated abdomen with attached fat bodies and inactive ovaries|royal jelly|head and thorax|hypopharyngeal glands|fat body|abdomen
QIUM02000077.1	0.971781608460686	larvae	larvae|spermetheca|semen|whole adult body|egg|hindgut|thorax|malpighian tubules|ventriculus|ovaries|antennae|testis|embryo|head|unknown|antennal lobes|wing disc|thorax and abdomen|pupae|mushroom body|eviscerated abdomen with attached fat bodies and ovaries|hemolymph|midgut|hypopharyngeal glands|brain|oocyte|rectum|2nd thoracic ganglia|eviscerated abdomen and fat body|nasonov gland|fat body|abdominal integument|wings and thoracic dorsum|antennal lobes and subaesophageal ganglion|gut|mandibular glands|optic lobes|eviscerated abdomen with attached fat bodies and inactive ovaries|flight muscle and thoracic exoskeleton|pylori
QIUM02000079.1	0.758230795839471	pupae	pupae|malpighian tubules|ovaries|egg|larvae|unknown|oocyte|spermetheca|mushroom body|testis|pylori|2nd thoracic ganglia|brain|semen|thorax|gut|abdominal integument|wings and thoracic dorsum|fat body|midgut|thoracic muscle|hindgut|thorax and abdomen|male gonad|germline|nasonov gland|hemolymph|mandibular glands|antennal lobes|head|eviscerated abdomen and fat body|royal jelly|eviscerated abdomen with attached fat bodies and ovaries|ventriculus|embryo|hypopharyngeal glands|venom gland|antennae|optic lobes|rectum|antennal lobes and subaesophageal ganglion|whole adult body|eviscerated abdomen with attached fat bodies and inactive ovaries|wing disc|flight muscle and thoracic exoskeleton|head and thorax|abdomen
QIUM02000081.1	0.962800916543248	malpighian tubules	malpighian tubules|pylori|larvae|spermetheca|semen|antennae|rectum|ventriculus|hindgut|gut|abdominal integument|ovaries|egg|thorax and abdomen|hemolymph|wings and thoracic dorsum|unknown|midgut|germline|testis|thorax|head and thorax|royal jelly|head|whole adult body|pupae|thoracic muscle|eviscerated abdomen with attached fat bodies and ovaries|fat body|nasonov gland|2nd thoracic ganglia|male gonad|mushroom body|antennal lobes|embryo|oocyte|antennal lobes and subaesophageal ganglion|flight muscle and thoracic exoskeleton|mandibular glands|eviscerated abdomen and fat body|venom gland|wing disc|eviscerated abdomen with attached fat bodies and inactive ovaries|hypopharyngeal glands|abdomen|brain|optic lobes
QIUM02000082.1	0.944731647554298	pylori	pylori|larvae|malpighian tubules|spermetheca|semen|hindgut|antennae|ventriculus|midgut|thorax and abdomen|wings and thoracic dorsum|egg|oocyte|ovaries|thorax|unknown|pupae|male gonad|royal jelly|whole adult body|germline|testis|abdominal integument|antennal lobes and subaesophageal ganglion|fat body|mushroom body|rectum|nasonov gland|head|hemolymph|2nd thoracic ganglia|gut|eviscerated abdomen with attached fat bodies and ovaries|antennal lobes|wing disc|flight muscle and thoracic exoskeleton|embryo|eviscerated abdomen and fat body|optic lobes|brain|eviscerated abdomen with attached fat bodies and inactive ovaries|venom gland|mandibular glands|abdomen
QIUM02000083.1	0.913506723649887	egg	egg|larvae|spermetheca|2nd thoracic ganglia|testis|hemolymph|mushroom body|antennal lobes|ovaries|semen|malpighian tubules|brain|pupae|unknown|ventriculus|antennal lobes and subaesophageal ganglion|male gonad|fat body|thorax|head|antennae|nasonov gland|mandibular glands|thoracic muscle|optic lobes|midgut|pylori|germline|hindgut|gut|rectum|abdominal integument|whole adult body|hypopharyngeal glands|royal jelly|thorax and abdomen|eviscerated abdomen with attached fat bodies and ovaries|flight muscle and thoracic exoskeleton|eviscerated abdomen and fat body|venom gland|wings and thoracic dorsum|oocyte|eviscerated abdomen with attached fat bodies and inactive ovaries|head and thorax|embryo|wing disc|abdomen
QIUM02000084.1	0.908074211927986	egg	egg|larvae|2nd thoracic ganglia|spermetheca|mushroom body|antennal lobes|testis|semen|hemolymph|ovaries|male gonad|brain|antennal lobes and subaesophageal ganglion|pupae|malpighian tubules|fat body|unknown|head|ventriculus|optic lobes|thorax|midgut|hindgut|antennae|nasonov gland|mandibular glands|thoracic muscle|germline|pylori|eviscerated abdomen with attached fat bodies and ovaries|eviscerated abdomen and fat body|abdominal integument|wings and thoracic dorsum|whole adult body|venom gland|rectum|royal jelly|flight muscle and thoracic exoskeleton|thorax and abdomen|gut|hypopharyngeal glands|eviscerated abdomen with attached fat bodies and inactive ovaries|wing disc|oocyte|embryo|abdomen|head and thorax
QIUM02000085.1	0.878404246581809	ovaries	ovaries|spermetheca|malpighian tubules|thoracic muscle|eviscerated abdomen with attached fat bodies and ovaries|semen|larvae|mushroom body|hindgut|germline|egg|ventriculus|head|2nd thoracic ganglia|testis|flight muscle and thoracic exoskeleton|male gonad|midgut|venom gland|antennae|gut|mandibular glands|eviscerated abdomen with attached fat bodies and inactive ovaries|hemolymph|brain|antennal lobes and subaesophageal ganglion|nasonov gland|eviscerated abdomen and fat body|unknown|thorax and abdomen|pupae|oocyte|rectum|antennal lobes|fat body|optic lobes|thorax|hypopharyngeal glands|wings and thoracic dorsum|head and thorax|whole adult body|abdomen|pylori|abdominal integument|royal jelly|wing disc|embryo
QIUM02000086.1	0.919504834782021	larvae	larvae|spermetheca|semen|malpighian tubules|mushroom body|male gonad|antennal lobes|2nd thoracic ganglia|head|pylori|hemolymph|testis|ovaries|fat body|brain|ventriculus|unknown|antennal lobes and subaesophageal ganglion|thoracic muscle|mandibular glands|eviscerated abdomen and fat body|optic lobes|thorax|pupae|venom gland|germline|gut|hindgut|antennae|midgut|nasonov gland|royal jelly|hypopharyngeal glands|flight muscle and thoracic exoskeleton|wings and thoracic dorsum|egg|rectum|whole adult body|eviscerated abdomen with attached fat bodies and ovaries|thorax and abdomen|abdominal integument|embryo|oocyte|wing disc|eviscerated abdomen with attached fat bodies and inactive ovaries|abdomen|head and thorax
QIUM02000093.1	0.972579634256482	larvae	larvae|spermetheca|semen|oocyte|thorax|egg|pylori|hindgut|antennae|whole adult body|embryo|ventriculus|malpighian tubules|pupae|ovaries|testis|midgut|2nd thoracic ganglia|head|nasonov gland|eviscerated abdomen and fat body|unknown|fat body|antennal lobes and subaesophageal ganglion|mushroom body|hypopharyngeal glands|thoracic muscle|thorax and abdomen|wing disc|wings and thoracic dorsum|brain|mandibular glands|antennal lobes|optic lobes|flight muscle and thoracic exoskeleton|abdominal integument|abdomen|hemolymph|gut|germline
QIUM02000095.1	0.990271903188697	larvae	larvae|spermetheca|semen|hindgut|thorax|egg|malpighian tubules|male gonad|ventriculus|whole adult body|eviscerated abdomen and fat body|oocyte|head|ovaries|antennae|midgut|testis|embryo|2nd thoracic ganglia|fat body|antennal lobes and subaesophageal ganglion|germline|mushroom body|mandibular glands|abdominal integument|pylori|unknown|antennal lobes|wing disc|pupae|optic lobes|nasonov gland|thorax and abdomen|hypopharyngeal glands|brain|hemolymph|eviscerated abdomen with attached fat bodies and inactive ovaries|gut|flight muscle and thoracic exoskeleton
QIUM02000098.1	0.964577147240491	spermetheca	spermetheca|larvae|semen|hindgut|malpighian tubules|antennae|egg|ovaries|ventriculus|whole adult body|pupae|embryo|thorax|2nd thoracic ganglia|male gonad|eviscerated abdomen and fat body|germline|pylori|midgut|hemolymph|head|wing disc|antennal lobes|nasonov gland|abdominal integument|optic lobes|unknown|gut|mushroom body|mandibular glands|brain
QIUM02000100.1	0.953894706732843	larvae	larvae|mushroom body|thorax|hemolymph|2nd thoracic ganglia|head|thoracic muscle|spermetheca|ovaries|pupae|fat body|antennal lobes|brain|semen|mandibular glands|malpighian tubules|hypopharyngeal glands|whole adult body|germline|antennal lobes and subaesophageal ganglion|optic lobes|nasonov gland|egg|unknown|eviscerated abdomen and fat body|venom gland|testis|eviscerated abdomen with attached fat bodies and inactive ovaries|rectum|abdominal integument|hindgut|eviscerated abdomen with attached fat bodies and ovaries|gut|royal jelly|antennae|ventriculus|flight muscle and thoracic exoskeleton|pylori|male gonad|thorax and abdomen|wings and thoracic dorsum|oocyte|head and thorax|embryo|midgut|abdomen
QIUM02000101.1	0.982921430343875	larvae	larvae|spermetheca|semen|egg|hindgut|thorax|ovaries|malpighian tubules|ventriculus|antennae|pupae|embryo|whole adult body|unknown|head|oocyte|midgut|wing disc|testis|antennal lobes|male gonad|thorax and abdomen|mushroom body|germline|hypopharyngeal glands|thoracic muscle|pylori|wings and thoracic dorsum|antennal lobes and subaesophageal ganglion|fat body|mandibular glands|eviscerated abdomen and fat body|nasonov gland|rectum|abdominal integument|eviscerated abdomen with attached fat bodies and ovaries|gut|eviscerated abdomen with attached fat bodies and inactive ovaries|brain|hemolymph|abdomen|flight muscle and thoracic exoskeleton|optic lobes
QIUM02000103.1	0.930380707253274	semen	semen|spermetheca|larvae|ovaries|hindgut|antennae|hemolymph|head|malpighian tubules|germline|male gonad|ventriculus|testis|eviscerated abdomen with attached fat bodies and ovaries|eviscerated abdomen and fat body|eviscerated abdomen with attached fat bodies and inactive ovaries|thorax and abdomen|embryo|pupae|nasonov gland|hypopharyngeal glands|fat body|abdomen|whole adult body|flight muscle and thoracic exoskeleton|venom gland|rectum|royal jelly|thorax|egg|midgut|wing disc|antennal lobes and subaesophageal ganglion|gut|thoracic muscle|head and thorax|mandibular glands|pylori|mushroom body|optic lobes|abdominal integument|oocyte|2nd thoracic ganglia|unknown|wings and thoracic dorsum|antennal lobes|brain
QIUM02000104.1	0.96526136920058	larvae	larvae|spermetheca|semen|egg|hindgut|malpighian tubules|thorax|mushroom body|ovaries|antennal lobes|brain|2nd thoracic ganglia|unknown|antennae|antennal lobes and subaesophageal ganglion|ventriculus|optic lobes|germline|pupae|head|hemolymph|fat body|oocyte|whole adult body|gut|testis|wings and thoracic dorsum|mandibular glands|pylori|thoracic muscle|male gonad|eviscerated abdomen with attached fat bodies and ovaries|wing disc|thorax and abdomen|midgut|nasonov gland|embryo|eviscerated abdomen and fat body|venom gland|rectum|abdominal integument|flight muscle and thoracic exoskeleton
QIUM02000105.1	0.977811934897756	ovaries	ovaries|antennae|semen|spermetheca|testis|eviscerated abdomen with attached fat bodies and ovaries|male gonad|eviscerated abdomen with attached fat bodies and inactive ovaries|wing disc|hypopharyngeal glands|hindgut|thorax and abdomen|larvae|flight muscle and thoracic exoskeleton|abdominal integument|malpighian tubules|ventriculus|2nd thoracic ganglia|germline|midgut|eviscerated abdomen and fat body|head|unknown|hemolymph|nasonov gland|brain|venom gland|oocyte|rectum|wings and thoracic dorsum|antennal lobes|abdomen|antennal lobes and subaesophageal ganglion|mushroom body|thoracic muscle|embryo|egg|gut|optic lobes|mandibular glands|head and thorax|fat body|pylori|whole adult body|pupae|royal jelly|thorax
QIUM02000106.1	0.980458511250024	whole adult body	whole adult body|ovaries|semen|larvae|spermetheca|pupae|hindgut|germline|eviscerated abdomen with attached fat bodies and inactive ovaries|antennae|embryo|head|testis|venom gland|rectum|egg|thorax and abdomen|antennal lobes|wings and thoracic dorsum|hemolymph|thorax|fat body|mandibular glands|mushroom body|pylori|optic lobes|midgut|brain
QIUM02000107.1	0.970578466886525	larvae	larvae|whole adult body|spermetheca|semen|egg|hindgut|thorax|ovaries|malpighian tubules|head|antennae|ventriculus|venom gland|pupae|midgut|optic lobes|male gonad|embryo|antennal lobes and subaesophageal ganglion|antennal lobes|pylori|testis|thorax and abdomen|oocyte|fat body|germline|mushroom body|wing disc|thoracic muscle|wings and thoracic dorsum|abdominal integument|mandibular glands|rectum|eviscerated abdomen and fat body|hemolymph|unknown|eviscerated abdomen with attached fat bodies and ovaries|eviscerated abdomen with attached fat bodies and inactive ovaries|abdomen|brain|nasonov gland|gut|flight muscle and thoracic exoskeleton
QIUM02000109.1	0.959832192739795	larvae	larvae|spermetheca|brain|unknown|mushroom body|2nd thoracic ganglia|semen|pupae|malpighian tubules|hindgut|antennal lobes and subaesophageal ganglion|testis|ovaries|egg|antennal lobes|optic lobes|head|eviscerated abdomen and fat body|nasonov gland|ventriculus|fat body|pylori|midgut|abdominal integument|eviscerated abdomen with attached fat bodies and ovaries|male gonad|thorax|antennae|gut|rectum|eviscerated abdomen with attached fat bodies and inactive ovaries|thorax and abdomen|whole adult body|mandibular glands|thoracic muscle|hemolymph|venom gland|oocyte|flight muscle and thoracic exoskeleton|wings and thoracic dorsum|embryo|royal jelly|germline|hypopharyngeal glands|wing disc|abdomen
QIUM02000112.1	0.977812557457242	spermetheca	spermetheca|larvae|semen|egg|hindgut|antennae|ovaries|ventriculus|male gonad|pupae|malpighian tubules|antennal lobes|wings and thoracic dorsum|unknown|2nd thoracic ganglia|thorax|oocyte|brain|wing disc|mushroom body|whole adult body|antennal lobes and subaesophageal ganglion|nasonov gland|midgut|embryo|head|eviscerated abdomen and fat body|testis|thorax and abdomen|hemolymph|optic lobes|eviscerated abdomen with attached fat bodies and inactive ovaries|eviscerated abdomen with attached fat bodies and ovaries|germline|abdominal integument|mandibular glands|gut|pylori|fat body
QIUM02000113.1	0.985651663724244	larvae	larvae|spermetheca|semen|unknown|hindgut|malpighian tubules|egg|whole adult body|thorax|head|mushroom body|ventriculus|brain|2nd thoracic ganglia|antennal lobes and subaesophageal ganglion|male gonad|ovaries|testis|antennal lobes|antennae|germline|gut|optic lobes|mandibular glands|midgut|venom gland|hypopharyngeal glands|eviscerated abdomen with attached fat bodies and ovaries|pylori|wing disc|embryo|hemolymph|pupae|eviscerated abdomen with attached fat bodies and inactive ovaries|nasonov gland|flight muscle and thoracic exoskeleton|rectum|abdomen|fat body|thorax and abdomen|wings and thoracic dorsum
QIUM02000115.1	0.99082362318267	malpighian tubules	malpighian tubules|pylori|ventriculus|hindgut|antennae|rectum|larvae|spermetheca|gut|abdominal integument|thorax and abdomen|testis|semen|male gonad|midgut|wings and thoracic dorsum|unknown|royal jelly|ovaries|hemolymph|nasonov gland|fat body|oocyte|head and thorax|egg|germline|flight muscle and thoracic exoskeleton|eviscerated abdomen with attached fat bodies and ovaries|thorax|head|2nd thoracic ganglia|thoracic muscle|eviscerated abdomen with attached fat bodies and inactive ovaries|eviscerated abdomen and fat body|whole adult body|antennal lobes|antennal lobes and subaesophageal ganglion|pupae|mandibular glands|mushroom body|wing disc|abdomen|venom gland|embryo|optic lobes|brain|hypopharyngeal glands
QIUM02000116.1	0.949501267491844	antennae	antennae|spermetheca|semen|larvae|malpighian tubules|hindgut|ovaries|hemolymph|unknown|ventriculus|head|testis|egg|mushroom body|pylori|thorax and abdomen|nasonov gland|eviscerated abdomen and fat body|rectum|fat body|midgut|flight muscle and thoracic exoskeleton|head and thorax|whole adult body|eviscerated abdomen with attached fat bodies and ovaries|gut|germline|male gonad|abdominal integument|thoracic muscle|2nd thoracic ganglia|thorax|wings and thoracic dorsum|embryo|antennal lobes and subaesophageal ganglion|mandibular glands|antennal lobes|venom gland|brain|abdomen|optic lobes|pupae|hypopharyngeal glands
QIUM02000118.1	0.939705027068005	larvae	larvae|semen|ovaries|spermetheca|antennae|hindgut|hemolymph|germline|male gonad|testis|thorax and abdomen|malpighian tubules|embryo|head|wing disc|pupae|head and thorax|venom gland|eviscerated abdomen with attached fat bodies and inactive ovaries|eviscerated abdomen with attached fat bodies and ovaries|mushroom body|ventriculus|unknown|fat body|egg|flight muscle and thoracic exoskeleton|eviscerated abdomen and fat body|antennal lobes and subaesophageal ganglion|nasonov gland|pylori|midgut|whole adult body|rectum|mandibular glands|abdomen|wings and thoracic dorsum|optic lobes|gut|thoracic muscle|abdominal integument|brain|thorax
QIUM02000126.1	0.980502099181693	larvae	larvae|spermetheca|semen|egg|malpighian tubules|hindgut|thorax|oocyte|pupae|antennae|head|whole adult body|eviscerated abdomen and fat body|2nd thoracic ganglia|eviscerated abdomen with attached fat bodies and inactive ovaries|antennal lobes and subaesophageal ganglion|midgut|unknown|ovaries|embryo|wings and thoracic dorsum|wing disc|fat body|hemolymph|thorax and abdomen|nasonov gland|optic lobes|mandibular glands|brain|mushroom body
QIUM02000129.1	0.962110654880608	larvae	larvae|spermetheca|semen|egg|hindgut|unknown|malpighian tubules|antennae|ovaries|mushroom body|ventriculus|thorax|oocyte|head|2nd thoracic ganglia|pupae|midgut|germline|whole adult body|antennal lobes|fat body|male gonad|abdominal integument|eviscerated abdomen with attached fat bodies and ovaries|thorax and abdomen|brain|pylori|mandibular glands|wing disc|gut|hemolymph|rectum|embryo|eviscerated abdomen with attached fat bodies and inactive ovaries|nasonov gland|wings and thoracic dorsum|antennal lobes and subaesophageal ganglion|optic lobes|flight muscle and thoracic exoskeleton
QIUM02000130.1	0.989694513237559	malpighian tubules	malpighian tubules|pylori|antennae|larvae|rectum|ventriculus|male gonad|gut|hindgut|unknown|abdominal integument|spermetheca|head|thorax and abdomen|testis|royal jelly|midgut|semen|wings and thoracic dorsum|eviscerated abdomen and fat body|ovaries|hemolymph|head and thorax|oocyte|flight muscle and thoracic exoskeleton|nasonov gland|eviscerated abdomen with attached fat bodies and ovaries|abdomen|germline|fat body|mandibular glands|eviscerated abdomen with attached fat bodies and inactive ovaries|antennal lobes|2nd thoracic ganglia|mushroom body|thoracic muscle|whole adult body|antennal lobes and subaesophageal ganglion|egg|thorax|venom gland|pupae|wing disc|brain|embryo|optic lobes|hypopharyngeal glands
QIUM02000131.1	0.9825398541715	larvae	larvae|spermetheca|semen|hindgut|thorax|pupae|malpighian tubules|unknown|2nd thoracic ganglia|egg|mushroom body|antennae|eviscerated abdomen and fat body|head|ovaries|ventriculus|eviscerated abdomen with attached fat bodies and inactive ovaries|antennal lobes and subaesophageal ganglion|brain|whole adult body|antennal lobes|optic lobes|midgut|hemolymph|eviscerated abdomen with attached fat bodies and ovaries|thorax and abdomen|nasonov gland|testis|wing disc|pylori|mandibular glands|embryo|rectum|abdominal integument|gut|fat body
QIUM02000134.1	0.978600189007668	larvae	larvae|spermetheca|semen|hindgut|egg|thorax|whole adult body|malpighian tubules|ovaries|ventriculus|antennae|pupae|midgut|embryo|eviscerated abdomen with attached fat bodies and ovaries|germline|head|thorax and abdomen|fat body|antennal lobes|pylori|brain|mushroom body|unknown|wing disc
QIUM02000135.1	0.948395415134709	larvae	larvae|malpighian tubules|egg|antennal lobes|spermetheca|2nd thoracic ganglia|brain|mushroom body|testis|ovaries|germline|antennal lobes and subaesophageal ganglion|midgut|semen|oocyte|hindgut|ventriculus|gut|pylori|antennae|fat body|eviscerated abdomen with attached fat bodies and ovaries|thorax|optic lobes|head|male gonad|abdominal integument|pupae|whole adult body|thoracic muscle|eviscerated abdomen and fat body|unknown|thorax and abdomen|nasonov gland|rectum|hemolymph|eviscerated abdomen with attached fat bodies and inactive ovaries|wings and thoracic dorsum|royal jelly|mandibular glands|embryo|venom gland|flight muscle and thoracic exoskeleton|head and thorax|wing disc|abdomen|hypopharyngeal glands
QIUM02000139.1	0.985387387302731	spermetheca	spermetheca|semen|larvae|ovaries|testis|ventriculus|embryo|whole adult body|hindgut|head|antennal lobes|malpighian tubules|nasonov gland|thoracic muscle|antennae|wing disc|thorax|eviscerated abdomen and fat body|egg|mandibular glands|thorax and abdomen|antennal lobes and subaesophageal ganglion|hemolymph|fat body|gut|midgut|brain|mushroom body|unknown
QIUM02000142.1	0.92792457147345	spermetheca	spermetheca|larvae|semen|egg|hindgut|brain|2nd thoracic ganglia|mushroom body|unknown|testis|pupae|male gonad|ventriculus|nasonov gland|malpighian tubules|antennae|thorax|eviscerated abdomen with attached fat bodies and ovaries|ovaries|hemolymph|oocyte|antennal lobes|midgut|optic lobes|antennal lobes and subaesophageal ganglion|eviscerated abdomen and fat body|fat body|pylori|eviscerated abdomen with attached fat bodies and inactive ovaries|whole adult body|germline|head|mandibular glands|abdominal integument|gut|venom gland|flight muscle and thoracic exoskeleton|royal jelly|wing disc|rectum|wings and thoracic dorsum|embryo|abdomen|thoracic muscle
QIUM02000145.1	0.974566933279366	semen	semen|2nd thoracic ganglia|ovaries|spermetheca|testis|antennal lobes and subaesophageal ganglion|antennae|pupae|mushroom body|antennal lobes|larvae|germline|hemolymph|hindgut|head|optic lobes|egg|thoracic muscle|midgut|ventriculus|malpighian tubules|pylori|brain|male gonad|flight muscle and thoracic exoskeleton|mandibular glands|eviscerated abdomen with attached fat bodies and ovaries|unknown|fat body|venom gland|royal jelly|oocyte|thorax|eviscerated abdomen and fat body|gut|whole adult body|embryo|wings and thoracic dorsum|abdomen|thorax and abdomen|head and thorax|rectum|nasonov gland|hypopharyngeal glands|eviscerated abdomen with attached fat bodies and inactive ovaries|abdominal integument
QIUM02000147.1	0.997662759227058	hindgut	hindgut|spermetheca|semen|ovaries|thorax and abdomen|germline|antennal lobes and subaesophageal ganglion|midgut|flight muscle and thoracic exoskeleton|whole adult body|mandibular glands|head|mushroom body|brain|antennae
QIUM02000148.1	0.968633906424374	spermetheca	spermetheca|larvae|malpighian tubules|semen|hindgut|rectum|pylori|ventriculus|antennae|ovaries|unknown|egg|gut|embryo|thorax and abdomen|hemolymph|whole adult body|thorax|head|testis|eviscerated abdomen and fat body|antennal lobes|eviscerated abdomen with attached fat bodies and ovaries|midgut|abdomen|eviscerated abdomen with attached fat bodies and inactive ovaries|germline|flight muscle and thoracic exoskeleton|abdominal integument|pupae|wing disc|fat body|mandibular glands|optic lobes|mushroom body|brain|head and thorax|2nd thoracic ganglia|royal jelly|venom gland|antennal lobes and subaesophageal ganglion|wings and thoracic dorsum
QIUM02000154.1	0.981855807209861	spermetheca	spermetheca|semen|larvae|ovaries|hindgut|malpighian tubules|ventriculus|antennae|germline|egg|head|pylori|antennal lobes|thorax and abdomen|wing disc|thorax|embryo|testis|hemolymph|unknown|whole adult body|antennal lobes and subaesophageal ganglion|mushroom body|male gonad|rectum|optic lobes|brain|gut|nasonov gland|mandibular glands|abdominal integument|pupae|eviscerated abdomen with attached fat bodies and inactive ovaries|midgut|abdomen|wings and thoracic dorsum|flight muscle and thoracic exoskeleton|fat body
QIUM02000155.1	0.964654048667629	larvae	larvae|spermetheca|semen|hindgut|thorax|malpighian tubules|ovaries|2nd thoracic ganglia|egg|ventriculus|whole adult body|male gonad|testis|head|wing disc|thoracic muscle|pupae|antennae|fat body|pylori|unknown|nasonov gland|antennal lobes and subaesophageal ganglion|mushroom body|germline|eviscerated abdomen and fat body|midgut|embryo|mandibular glands|royal jelly|brain|eviscerated abdomen with attached fat bodies and ovaries|hypopharyngeal glands|flight muscle and thoracic exoskeleton|head and thorax|venom gland|optic lobes|hemolymph|antennal lobes|thorax and abdomen|abdomen|abdominal integument|gut
QIUM02000157.1	0.952000400982061	ovaries	ovaries|antennae|eviscerated abdomen with attached fat bodies and ovaries|eviscerated abdomen and fat body|eviscerated abdomen with attached fat bodies and inactive ovaries|flight muscle and thoracic exoskeleton|testis|abdomen|spermetheca|malpighian tubules|rectum|thoracic muscle|head|ventriculus|egg|semen|midgut|hypopharyngeal glands|larvae|abdominal integument|hindgut|wing disc|nasonov gland|2nd thoracic ganglia|venom gland|male gonad|hemolymph|antennal lobes|germline|thorax|unknown|fat body|thorax and abdomen|brain|antennal lobes and subaesophageal ganglion|optic lobes|gut|wings and thoracic dorsum|mushroom body|royal jelly|embryo|head and thorax|mandibular glands|pylori|whole adult body|oocyte|pupae
QIUM02000158.1	0.989772962031882	larvae	larvae|spermetheca|semen|unknown|malpighian tubules|hindgut|ovaries|testis|ventriculus|whole adult body|antennae|germline|hemolymph|egg|antennal lobes|mushroom body|eviscerated abdomen with attached fat bodies and ovaries|brain|antennal lobes and subaesophageal ganglion|head|thorax|pupae|embryo|2nd thoracic ganglia|eviscerated abdomen with attached fat bodies and inactive ovaries|midgut|optic lobes|fat body|thorax and abdomen|venom gland|mandibular glands|wings and thoracic dorsum|pylori|flight muscle and thoracic exoskeleton|gut|abdomen
QIUM02000161.1	0.941084486146804	semen	semen|spermetheca|antennae|eviscerated abdomen with attached fat bodies and inactive ovaries|eviscerated abdomen with attached fat bodies and ovaries|thorax and abdomen|abdominal integument|wing disc|testis|embryo|flight muscle and thoracic exoskeleton|head|nasonov gland|ovaries|wings and thoracic dorsum|thoracic muscle|2nd thoracic ganglia|oocyte|male gonad|malpighian tubules|venom gland|head and thorax|eviscerated abdomen and fat body|hindgut|midgut|larvae|ventriculus|germline|fat body|egg|brain|unknown|royal jelly|abdomen|whole adult body|thorax|mushroom body|rectum|gut|pupae|antennal lobes and subaesophageal ganglion|pylori|antennal lobes|hypopharyngeal glands|optic lobes|hemolymph|mandibular glands
QIUM02000162.1	0.976434234576117	larvae	larvae|spermetheca|semen|hindgut|thorax|antennae|ovaries|ventriculus|malpighian tubules|egg|whole adult body|eviscerated abdomen and fat body|head|embryo|unknown|thorax and abdomen|abdominal integument|testis|eviscerated abdomen with attached fat bodies and ovaries|pylori|eviscerated abdomen with attached fat bodies and inactive ovaries|pupae|mushroom body|brain
QIUM02000163.1	0.983642528966874	larvae	larvae|semen|spermetheca|hindgut|egg|ovaries|whole adult body|thorax
QIUM02000165.1	0.970531910548218	larvae	larvae|spermetheca|semen|pupae|2nd thoracic ganglia|egg|brain|mushroom body|hindgut|unknown|pylori|whole adult body|thorax|malpighian tubules|ovaries|nasonov gland|antennae|antennal lobes and subaesophageal ganglion|ventriculus|head|antennal lobes|abdominal integument|mandibular glands|optic lobes|eviscerated abdomen with attached fat bodies and ovaries|flight muscle and thoracic exoskeleton|thorax and abdomen|embryo|hypopharyngeal glands|oocyte|midgut|testis|germline|eviscerated abdomen with attached fat bodies and inactive ovaries|thoracic muscle|hemolymph|wing disc|fat body|venom gland|royal jelly|eviscerated abdomen and fat body|wings and thoracic dorsum|gut|rectum|head and thorax|abdomen|male gonad
QIUM02000167.1	0.978357204170455	larvae	larvae|spermetheca|semen|thorax|antennae|whole adult body|hindgut|ventriculus|embryo|pupae|head|antennal lobes and subaesophageal ganglion|ovaries|brain|mushroom body
QIUM02000169.1	0.977630538760626	larvae	larvae|spermetheca|semen|egg|thorax|hindgut|malpighian tubules|whole adult body|antennae|ventriculus|ovaries|embryo|testis|germline|antennal lobes|head|eviscerated abdomen and fat body|midgut|pylori|mushroom body|brain
QIUM02000170.1	0.958769787500933	spermetheca	spermetheca|semen|hindgut|antennae|head|larvae|ovaries|malpighian tubules|ventriculus|testis|male gonad|germline|eviscerated abdomen with attached fat bodies and ovaries|eviscerated abdomen with attached fat bodies and inactive ovaries|rectum|abdomen|fat body|wing disc|whole adult body|antennal lobes and subaesophageal ganglion|eviscerated abdomen and fat body|thorax|flight muscle and thoracic exoskeleton|hemolymph|optic lobes|thorax and abdomen|thoracic muscle|nasonov gland|midgut|venom gland|embryo|egg|gut|mandibular glands|unknown|pylori|mushroom body|brain
QIUM02000171.1	0.940080675369769	larvae	larvae|spermetheca|ovaries|semen|hindgut|antennae|germline|malpighian tubules|hemolymph|embryo|testis|ventriculus|head|whole adult body|wing disc|egg|head and thorax|antennal lobes and subaesophageal ganglion|eviscerated abdomen with attached fat bodies and ovaries|rectum|venom gland|thorax and abdomen|unknown|fat body|eviscerated abdomen with attached fat bodies and inactive ovaries|midgut|gut|eviscerated abdomen and fat body|nasonov gland|wings and thoracic dorsum|abdomen|mandibular glands|flight muscle and thoracic exoskeleton|optic lobes|mushroom body|brain
QIUM02000175.1	0.967350940135385	spermetheca	spermetheca|semen|larvae|hindgut|malpighian tubules|egg|abdominal integument|nasonov gland|antennae|testis|ovaries|2nd thoracic ganglia|pupae|eviscerated abdomen with attached fat bodies and ovaries|unknown|ventriculus|mushroom body|oocyte|male gonad|eviscerated abdomen and fat body|fat body|hemolymph|germline|thorax and abdomen|head|thorax|optic lobes|midgut|whole adult body|antennal lobes and subaesophageal ganglion|embryo|head and thorax|pylori|brain|wings and thoracic dorsum|rectum|venom gland|wing disc|gut|flight muscle and thoracic exoskeleton|mandibular glands
QIUM02000176.1	0.975180442429284	spermetheca	spermetheca|semen|larvae|hindgut|antennae|egg|malpighian tubules|ovaries|antennal lobes|ventriculus|head|eviscerated abdomen and fat body|2nd thoracic ganglia|brain|midgut|antennal lobes and subaesophageal ganglion|testis|thorax and abdomen|hypopharyngeal glands|wing disc|flight muscle and thoracic exoskeleton|nasonov gland|germline|thorax|eviscerated abdomen with attached fat bodies and inactive ovaries|pupae|mushroom body|whole adult body|embryo|optic lobes|eviscerated abdomen with attached fat bodies and ovaries|mandibular glands|rectum|fat body|hemolymph|unknown|gut
QIUM02000177.1	0.973904715030219	larvae	larvae|spermetheca|semen|thorax|hindgut|antennae|whole adult body|head|ovaries|embryo|optic lobes|mandibular glands|mushroom body
QIUM02000178.1	0.980706593935886	spermetheca	spermetheca|larvae|semen|egg|hindgut|antennae|venom gland|ovaries|malpighian tubules|whole adult body|ventriculus|thorax|unknown|embryo|thorax and abdomen|midgut|mushroom body|head|hemolymph
QIUM02000180.1	0.995470755734782	larvae	larvae|spermetheca|semen|egg|thorax|hindgut|whole adult body|antennae|malpighian tubules|ventriculus|ovaries|head|antennal lobes and subaesophageal ganglion|mushroom body|embryo|2nd thoracic ganglia|unknown|pupae|pylori|brain|wing disc|testis|eviscerated abdomen with attached fat bodies and ovaries|antennal lobes|flight muscle and thoracic exoskeleton|thorax and abdomen|fat body|optic lobes|thoracic muscle|eviscerated abdomen and fat body|nasonov gland|midgut|hypopharyngeal glands|mandibular glands|germline|hemolymph|male gonad|abdominal integument
QIUM02000182.1	0.972410438162228	embryo	embryo|thorax|oocyte|pylori|larvae|egg|spermetheca|whole adult body|semen|pupae|midgut|malpighian tubules|antennal lobes and subaesophageal ganglion|mushroom body|hindgut|antennae|mandibular glands|optic lobes|fat body|wings and thoracic dorsum|royal jelly|ovaries|ventriculus|abdominal integument|wing disc|hemolymph|thoracic muscle|antennal lobes|flight muscle and thoracic exoskeleton|gut|thorax and abdomen|abdomen|eviscerated abdomen with attached fat bodies and inactive ovaries|brain|head|unknown
QIUM02000187.1	0.990838320307591	larvae	larvae|spermetheca|semen|thorax|hindgut|egg|antennae|whole adult body|ventriculus|embryo|ovaries|eviscerated abdomen with attached fat bodies and ovaries|head|pupae|antennal lobes and subaesophageal ganglion|fat body|pylori|midgut|unknown|mushroom body|brain|thorax and abdomen
QIUM02000188.1	0.974163506753989	spermetheca	spermetheca|larvae|semen|hindgut|whole adult body|ovaries|head|antennae|testis|embryo|malpighian tubules|ventriculus|wing disc|eviscerated abdomen with attached fat bodies and ovaries|eviscerated abdomen and fat body|thorax|germline|eviscerated abdomen with attached fat bodies and inactive ovaries|mandibular glands|hemolymph|thorax and abdomen|midgut|abdomen|antennal lobes and subaesophageal ganglion|fat body|antennal lobes|egg|gut|nasonov gland|optic lobes|brain|mushroom body|flight muscle and thoracic exoskeleton
QIUM02000189.1	0.961270236154257	spermetheca	spermetheca|larvae|semen|egg|ovaries|thorax|brain|2nd thoracic ganglia|hindgut|unknown|malpighian tubules|pylori|antennal lobes|male gonad|testis|germline|mushroom body|thoracic muscle|wings and thoracic dorsum|fat body|pupae|hemolymph|gut|antennae|abdominal integument|mandibular glands|antennal lobes and subaesophageal ganglion|oocyte|nasonov gland|midgut|ventriculus|optic lobes|eviscerated abdomen and fat body|whole adult body|royal jelly|rectum|head|venom gland|thorax and abdomen|wing disc|embryo|eviscerated abdomen with attached fat bodies and ovaries|flight muscle and thoracic exoskeleton|hypopharyngeal glands|head and thorax|eviscerated abdomen with attached fat bodies and inactive ovaries|abdomen
QIUM02000191.1	0.978820721740936	whole adult body	whole adult body|spermetheca|semen|larvae|egg|head|hindgut|ovaries|ventriculus|midgut|pupae|thorax|malpighian tubules|pylori|germline|antennae|oocyte|unknown|testis|gut|thoracic muscle|venom gland|thorax and abdomen|antennal lobes|2nd thoracic ganglia|embryo|brain|mushroom body|rectum|wing disc|optic lobes|eviscerated abdomen and fat body|hemolymph|mandibular glands|wings and thoracic dorsum|head and thorax|fat body|eviscerated abdomen with attached fat bodies and inactive ovaries|antennal lobes and subaesophageal ganglion
QIUM02000192.1	0.985531366206091	larvae	larvae|spermetheca|semen|whole adult body|egg|thorax|ovaries|hindgut|antennae|ventriculus|embryo|head|antennal lobes|wing disc|hemolymph|unknown|mushroom body|thorax and abdomen|midgut|2nd thoracic ganglia
QIUM02000194.1	0.996247166022052	oocyte	oocyte|ventriculus|testis|mushroom body|egg|midgut|malpighian tubules|antennal lobes|pupae|pylori|2nd thoracic ganglia|thorax|fat body|male gonad|eviscerated abdomen with attached fat bodies and ovaries|gut|eviscerated abdomen and fat body|ovaries|larvae|antennae|brain|hemolymph|hindgut|venom gland|wings and thoracic dorsum|thoracic muscle|nasonov gland|eviscerated abdomen with attached fat bodies and inactive ovaries|unknown|optic lobes|rectum|antennal lobes and subaesophageal ganglion|mandibular glands|abdominal integument|spermetheca|royal jelly|thorax and abdomen|abdomen|germline|embryo|wing disc|flight muscle and thoracic exoskeleton|head|semen|head and thorax|hypopharyngeal glands|whole adult body
QIUM02000196.1	0.974568559225547	larvae	larvae|antennae|spermetheca|semen|hindgut|ovaries|thorax|egg|ventriculus|mushroom body|whole adult body|antennal lobes and subaesophageal ganglion|head|rectum|pupae|pylori|optic lobes|nasonov gland|midgut|unknown|brain
QIUM02000197.1	0.976402521264917	semen	semen|larvae|spermetheca|ovaries|embryo|hindgut|unknown|nasonov gland
QIUM02000198.1	0.988240473986879	larvae	larvae|spermetheca|semen|thorax|whole adult body|hindgut|malpighian tubules|ventriculus|antennae|ovaries|2nd thoracic ganglia|embryo|testis|head|thorax and abdomen|germline|venom gland|pylori|midgut|hemolymph|mushroom body|brain|unknown|egg
QIUM02000199.1	0.961648190245331	ovaries	ovaries|larvae|semen|spermetheca|germline|antennae|hindgut|male gonad|malpighian tubules|testis|thorax and abdomen|hemolymph|egg|eviscerated abdomen with attached fat bodies and inactive ovaries|embryo|2nd thoracic ganglia|oocyte|mandibular glands|flight muscle and thoracic exoskeleton|fat body|nasonov gland|eviscerated abdomen with attached fat bodies and ovaries|head|pupae|midgut|ventriculus|abdominal integument|optic lobes|unknown|whole adult body|brain|mushroom body
QIUM02000200.1	0.954394296102042	semen	semen|spermetheca|larvae|ovaries|hindgut|antennae|head|male gonad|hemolymph|malpighian tubules|testis|embryo|eviscerated abdomen with attached fat bodies and ovaries|eviscerated abdomen and fat body|germline|wing disc|ventriculus|eviscerated abdomen with attached fat bodies and inactive ovaries|abdomen|head and thorax|thorax and abdomen|fat body|whole adult body|midgut|pupae|nasonov gland|optic lobes|rectum|mandibular glands|gut|flight muscle and thoracic exoskeleton|unknown|thorax|antennal lobes|pylori|mushroom body|brain
QIUM02000201.1	0.939667732066179	larvae	larvae|ovaries|spermetheca|semen|hindgut|antennae
QIUM02000202.1	0.985175630099564	spermetheca	spermetheca|semen|larvae|hindgut|egg|germline|head|eviscerated abdomen and fat body|embryo|ovaries|mushroom body|whole adult body
QIUM02000203.1	0.991268030331122	larvae	larvae|spermetheca|semen|egg|ventriculus|hindgut|oocyte|thorax|ovaries|embryo|wing disc|head|pupae|whole adult body|antennae|fat body|optic lobes|mushroom body|brain
QIUM02000204.1	0.973941502865077	spermetheca	spermetheca|larvae|semen|ovaries|malpighian tubules|thorax|hindgut|antennae|ventriculus|whole adult body|egg|head|embryo|eviscerated abdomen and fat body|fat body|eviscerated abdomen with attached fat bodies and ovaries|wing disc|antennal lobes|germline|midgut|rectum|mushroom body|pupae|thorax and abdomen|antennal lobes and subaesophageal ganglion|hemolymph|mandibular glands|unknown|brain|optic lobes
QIUM02000205.1	0.966986975968595	spermetheca	spermetheca|unknown|semen|larvae|ovaries|hindgut|antennae|egg|ventriculus|malpighian tubules|eviscerated abdomen and fat body|head and thorax|brain|embryo|testis|hemolymph|nasonov gland|midgut|abdominal integument|mushroom body|whole adult body|head
QIUM02000206.1	0.992403615175867	larvae	larvae|spermetheca|semen|whole adult body|hindgut|ovaries|thorax|egg|testis|eviscerated abdomen with attached fat bodies and ovaries|antennae|pupae|antennal lobes and subaesophageal ganglion|wings and thoracic dorsum|abdomen|embryo|midgut|hemolymph|optic lobes|head|unknown|mushroom body|brain
QIUM02000207.1	0.937697841935791	ovaries	ovaries|larvae|hindgut|semen|spermetheca|antennae|germline|male gonad|malpighian tubules|wing disc|hemolymph|thorax and abdomen|embryo|antennal lobes|egg|nasonov gland|fat body|eviscerated abdomen and fat body|wings and thoracic dorsum|head|brain|mushroom body|midgut|whole adult body|eviscerated abdomen with attached fat bodies and inactive ovaries
QIUM02000209.1	0.973960741751658	larvae	larvae|spermetheca|semen|fat body|egg|male gonad|hindgut|oocyte|thorax|eviscerated abdomen with attached fat bodies and ovaries|malpighian tubules|2nd thoracic ganglia|whole adult body|pupae|ovaries|testis|nasonov gland|mushroom body|abdominal integument|ventriculus|antennae|embryo|midgut|germline|pylori|head|eviscerated abdomen and fat body|hemolymph|eviscerated abdomen with attached fat bodies and inactive ovaries|thorax and abdomen|unknown|wings and thoracic dorsum|gut|antennal lobes and subaesophageal ganglion|antennal lobes|flight muscle and thoracic exoskeleton|optic lobes|brain|mandibular glands
QIUM02000211.1	0.898347376136452	eviscerated abdomen with attached fat bodies and inactive ovaries	eviscerated abdomen with attached fat bodies and inactive ovaries|spermetheca|antennae|ovaries|thorax and abdomen|eviscerated abdomen with attached fat bodies and ovaries|hindgut|wing disc|abdominal integument|oocyte|testis|germline|midgut|flight muscle and thoracic exoskeleton|nasonov gland|wings and thoracic dorsum|head|2nd thoracic ganglia|venom gland|male gonad|fat body|malpighian tubules|embryo|thoracic muscle|semen|head and thorax|ventriculus|antennal lobes and subaesophageal ganglion|royal jelly|larvae|brain|mushroom body|optic lobes|pylori|gut|whole adult body|antennal lobes|unknown|rectum|hypopharyngeal glands|mandibular glands|eviscerated abdomen and fat body|hemolymph|egg|thorax|abdomen|pupae
QIUM02000213.1	0.966613147905702	larvae	larvae|ovaries|spermetheca|semen|hindgut|antennae|germline|hemolymph|testis|oocyte|embryo|eviscerated abdomen and fat body|thorax and abdomen|nasonov gland|head|eviscerated abdomen with attached fat bodies and inactive ovaries|gut|mandibular glands|antennal lobes and subaesophageal ganglion|brain|mushroom body|fat body|rectum|whole adult body|wing disc|malpighian tubules|midgut
QIUM02000214.1	0.959357968757318	larvae	larvae|ovaries|semen|spermetheca|hemolymph|antennae|hindgut|germline|male gonad|malpighian tubules|wing disc|testis|thorax and abdomen|abdomen|embryo|rectum|wings and thoracic dorsum|fat body|head|pylori|optic lobes|gut|mandibular glands|midgut|unknown|whole adult body|mushroom body|brain|eviscerated abdomen with attached fat bodies and ovaries
QIUM02000215.1	0.972698139969201	larvae	larvae|semen|spermetheca|hindgut|ovaries|germline|antennae|eviscerated abdomen with attached fat bodies and inactive ovaries|wing disc|midgut|embryo|fat body|head|thorax and abdomen|nasonov gland|mandibular glands|whole adult body|hemolymph|pylori|mushroom body|unknown|brain|abdomen
QIUM02000216.1	0.963030838600163	semen	semen|spermetheca|larvae|ovaries|hindgut|germline|hemolymph|antennae|eviscerated abdomen with attached fat bodies and inactive ovaries|head|eviscerated abdomen and fat body|testis|eviscerated abdomen with attached fat bodies and ovaries|oocyte|abdominal integument|whole adult body|embryo|thorax and abdomen|wing disc|flight muscle and thoracic exoskeleton|nasonov gland|antennal lobes and subaesophageal ganglion|optic lobes|fat body|gut|mandibular glands|unknown|brain|mushroom body|midgut
QIUM02000218.1	0.995339825485791	larvae	larvae|ovaries|semen|spermetheca|hindgut|antennae|germline|hemolymph|thorax and abdomen|pupae|testis|embryo|eviscerated abdomen with attached fat bodies and inactive ovaries|nasonov gland|abdomen|thorax|fat body|midgut|mandibular glands|flight muscle and thoracic exoskeleton|optic lobes|gut|head|mushroom body|brain|whole adult body
QIUM02000221.1	0.814105040622694	malpighian tubules	malpighian tubules|mushroom body|2nd thoracic ganglia|ovaries|thorax|fat body|germline|antennal lobes|hemolymph|egg|larvae|nasonov gland|testis|ventriculus|eviscerated abdomen with attached fat bodies and ovaries|midgut|brain|pylori|spermetheca|mandibular glands|hindgut|royal jelly|venom gland|antennal lobes and subaesophageal ganglion|unknown|thoracic muscle|semen|optic lobes|hypopharyngeal glands|thorax and abdomen|eviscerated abdomen with attached fat bodies and inactive ovaries|wings and thoracic dorsum|abdominal integument|gut|antennae|rectum|flight muscle and thoracic exoskeleton|eviscerated abdomen and fat body|embryo|abdomen|whole adult body|pupae|head|oocyte|head and thorax
QIUM02000222.1	0.971348905178304	spermetheca	spermetheca|hindgut|semen|larvae|ovaries|2nd thoracic ganglia|antennae|antennal lobes and subaesophageal ganglion|germline|optic lobes|brain|mushroom body|wing disc|unknown|antennal lobes|pupae|thorax and abdomen|embryo|thorax|mandibular glands|whole adult body|midgut|head
QIUM02000227.1	0.961206871845759	hindgut	hindgut|spermetheca|semen|pupae|antennae|larvae|ovaries|2nd thoracic ganglia|testis|hypopharyngeal glands|thorax and abdomen|mushroom body|antennal lobes and subaesophageal ganglion|antennal lobes|venom gland|eviscerated abdomen with attached fat bodies and inactive ovaries|optic lobes|midgut|whole adult body|brain
QIUM02000228.1	0.968969265367238	spermetheca	spermetheca|semen|larvae|hindgut|ovaries|thorax and abdomen|thorax|rectum|antennae|fat body|mandibular glands|head|brain|unknown|whole adult body|mushroom body
CM009947.2	0.917995541766313	malpighian tubules	malpighian tubules|thorax|ventriculus|oocyte|pylori|mandibular glands|egg|eviscerated abdomen and fat body|royal jelly|antennae|embryo|hemolymph|spermetheca|germline|nasonov gland|rectum|2nd thoracic ganglia|thorax and abdomen|mushroom body|abdominal integument|head|testis|larvae|wings and thoracic dorsum|antennal lobes and subaesophageal ganglion|flight muscle and thoracic exoskeleton|antennal lobes|thoracic muscle|pupae|whole adult body|midgut|optic lobes|fat body|head and thorax|hypopharyngeal glands|ovaries|gut|male gonad|hindgut|wing disc|semen|eviscerated abdomen with attached fat bodies and ovaries|brain|unknown|eviscerated abdomen with attached fat bodies and inactive ovaries|venom gland|abdomen
QIUM02000186.1	NA	NA	NA
